cell,batchsize,mse,nse,y_test,yhat,train_loss,test_loss
5,5,0.003947935956483476,0.9009335676265574,"[0.03096717 0.0006849  0.         0.04544787 0.01120297 0.22445086
 0.58622377 0.46917959 0.35213541 0.01893254 0.00102735 0.04446945]","[ 0.01999249  0.00899801  0.00494035 -0.0311361   0.01884032  0.23284571
  0.47598127  0.52590895  0.35641053  0.16323543  0.06038149  0.08230094]","[0.059715386480093, 0.0397462360560894, 0.035256028175354004, 0.029185326769948006, 0.024422287940979004, 0.022469783201813698, 0.02133745141327381, 0.02050771564245224, 0.01980566792190075, 0.01920202188193798, 0.018678942695260048, 0.018207933753728867, 0.017759883776307106, 0.017293892800807953, 0.016798777505755424, 0.016221491619944572, 0.015589959919452667, 0.014912279322743416, 0.0141665143892169, 0.013459683395922184, 0.012908843345940113, 0.01252745557576418, 0.012265041470527649, 0.012055236846208572, 0.011909663677215576, 0.011795013211667538, 0.01169575471431017, 0.011606826446950436, 0.011521213687956333, 0.011448993347585201, 0.011380352079868317, 0.011316213756799698, 0.011256000958383083, 0.011196744628250599, 0.01114141009747982, 0.011089097708463669, 0.011036993935704231, 0.010984565131366253, 0.010934179648756981, 0.010893815197050571, 0.010850475169718266, 0.010814245790243149, 0.010788795538246632, 0.01074445154517889, 0.010708105750381947, 0.010670419782400131, 0.010650771670043468, 0.01061219535768032, 0.010586480610072613, 0.010556486435234547, 0.01052782777696848, 0.010493701323866844, 0.010464533232152462, 0.010438586585223675, 0.010419795289635658, 0.010383381508290768, 0.010361462831497192, 0.010334509424865246, 0.010313034988939762, 0.010288752615451813, 0.01025818195194006, 0.01023059617727995, 0.010202743113040924, 0.010178833268582821, 0.01014548260718584, 0.010130491107702255, 0.010098992846906185, 0.010064298287034035, 0.010030767880380154, 0.010007131844758987, 0.009988320991396904, 0.009955847635865211, 0.009917335584759712, 0.00988762453198433, 0.00987014640122652, 0.009844811633229256, 0.00980707909911871, 0.009781352244317532, 0.009758897125720978, 0.009727840311825275, 0.009697040542960167, 0.00966702401638031, 0.009640333242714405, 0.009612631052732468, 0.009583043865859509, 0.009576912969350815, 0.009528910741209984, 0.009509322233498096, 0.009479610249400139, 0.009460941888391972, 0.009434418752789497, 0.009405151940882206, 0.00938479509204626, 0.00935839768499136, 0.009314511902630329, 0.0093174884095788, 0.009255676530301571, 0.009207754395902157, 0.00921557191759348, 0.009172491729259491, 0.009097878821194172, 0.009061988443136215, 0.00898552592843771, 0.0089954799041152, 0.008866190910339355, 0.008792336098849773, 0.008778941817581654, 0.008707345463335514, 0.008652928285300732, 0.008623210713267326, 0.00856583658605814, 0.008512703701853752, 0.008490181528031826, 0.00845492072403431, 0.008441509678959846, 0.008411014452576637, 0.008398779667913914, 0.008390512317419052, 0.008404365740716457, 0.008424337953329086, 0.008454946801066399, 0.008503694087266922, 0.008534318767488003, 0.008501684293150902, 0.008407977409660816, 0.008282179944217205, 0.008253533393144608, 0.008256543427705765, 0.008206170052289963, 0.00807334017008543, 0.008022318594157696, 0.00796646811068058, 0.007876794785261154, 0.007841788232326508, 0.007775554433465004, 0.007752879522740841, 0.0076980749145150185, 0.007661305367946625, 0.00765951257199049, 0.007629736326634884, 0.007531775627285242, 0.007491989992558956, 0.007435872219502926, 0.007421675603836775, 0.007351801265031099, 0.0072870333679020405, 0.007243270054459572, 0.007258759345859289, 0.007211053278297186, 0.00764628779143095]","[0.03494829311966896, 0.03101552464067936, 0.02665679156780243, 0.02092270366847515, 0.018622010946273804, 0.01750473864376545, 0.017039654776453972, 0.016686929389834404, 0.015896348282694817, 0.015237878076732159, 0.014690686948597431, 0.014217616058886051, 0.013713705353438854, 0.013284842483699322, 0.012636065483093262, 0.012050945311784744, 0.011331655085086823, 0.01058051735162735, 0.009822762571275234, 0.009296971373260021, 0.008993678726255894, 0.008812977932393551, 0.008763178251683712, 0.008691400289535522, 0.00871931854635477, 0.008717692457139492, 0.008793690241873264, 0.008856273256242275, 0.008918345905840397, 0.008920544758439064, 0.009015148505568504, 0.009058646857738495, 0.009121200069785118, 0.00910732988268137, 0.009079189039766788, 0.009116378612816334, 0.009168273769319057, 0.009038667194545269, 0.008997644297778606, 0.009011167101562023, 0.009034455753862858, 0.009083307348191738, 0.009102705866098404, 0.009063322097063065, 0.009075646288692951, 0.009192224591970444, 0.00916286837309599, 0.00907671544700861, 0.009211878292262554, 0.00924651324748993, 0.00919478852301836, 0.009032297879457474, 0.00913945958018303, 0.009162968955934048, 0.009150249883532524, 0.009278290905058384, 0.009171801619231701, 0.00929289311170578, 0.009144093841314316, 0.009138225577771664, 0.009149865247309208, 0.009128004312515259, 0.009301257319748402, 0.009275943040847778, 0.009182375855743885, 0.009206131100654602, 0.009132951498031616, 0.009177973493933678, 0.009232782758772373, 0.009078703820705414, 0.009126533754169941, 0.00909433327615261, 0.00921248272061348, 0.009113130159676075, 0.009145851247012615, 0.009046472609043121, 0.009146664291620255, 0.009215783327817917, 0.008898899890482426, 0.00901054311543703, 0.009262043051421642, 0.009089801460504532, 0.0089637516066432, 0.008943204768002033, 0.009151093661785126, 0.008907036855816841, 0.008871319703757763, 0.008877781219780445, 0.008980087004601955, 0.00875154696404934, 0.008822472766041756, 0.008880521170794964, 0.00878212135285139, 0.008783833123743534, 0.009224404580891132, 0.008776215836405754, 0.009053099900484085, 0.008894081227481365, 0.009005078114569187, 0.008909933269023895, 0.009183406829833984, 0.009077280759811401, 0.009146570228040218, 0.00850904081016779, 0.007933568209409714, 0.00761772133409977, 0.006328858435153961, 0.006261402275413275, 0.006263758987188339, 0.005983514711260796, 0.006288353819400072, 0.006080843973904848, 0.006198713090270758, 0.00586521765217185, 0.005714006721973419, 0.005836063530296087, 0.005668309982866049, 0.005410066340118647, 0.005220865365117788, 0.005093834828585386, 0.004977446049451828, 0.004697857424616814, 0.00467884773388505, 0.005194215569645166, 0.0046162777580320835, 0.004685285035520792, 0.004403999540954828, 0.004506486002355814, 0.004423534031957388, 0.003988411743193865, 0.004002229776233435, 0.0035594438668340445, 0.003650054568424821, 0.003911690320819616, 0.0034571464639157057, 0.0033806085120886564, 0.0032876853365451097, 0.003389855846762657, 0.003472669282928109, 0.003641003742814064, 0.0034532814752310514, 0.0035705838818103075, 0.003530142828822136, 0.0034612861927598715, 0.003573644207790494, 0.0034990862477570772, 0.003534577088430524, 0.0035791564732789993, 0.0034383044112473726, 0.0033794359769672155]"
6,7,0.003856665750728986,0.8799836066107818,"[2.17089848e-02 6.45531488e-04 5.25988620e-04 3.31133745e-02
 1.70229044e-02 1.73791422e-01 5.34045809e-01 4.26194233e-01
 3.18342658e-01 3.16071343e-02 8.39190934e-03 5.45354564e-02]","[0.04110673 0.02185384 0.01038383 0.00750914 0.03524788 0.27262166
 0.59609896 0.567472   0.35778156 0.12755296 0.01184927 0.05021951]","[0.0557124987244606, 0.03638658672571182, 0.03266831859946251, 0.028749646618962288, 0.02406926266849041, 0.021558722481131554, 0.020190013572573662, 0.019164618104696274, 0.018457502126693726, 0.017975756898522377, 0.017604868859052658, 0.01727188564836979, 0.01695614494383335, 0.016642075031995773, 0.016319748014211655, 0.015997225418686867, 0.015655046328902245, 0.01529314648360014, 0.014899162575602531, 0.014492947608232498, 0.014059142209589481, 0.013624516315758228, 0.01318188663572073, 0.012755158357322216, 0.01241802517324686, 0.012143554165959358, 0.011932644993066788, 0.011775690130889416, 0.011656337417662144, 0.011547021567821503, 0.011439804919064045, 0.011323504149913788, 0.011196890845894814, 0.011082409881055355, 0.01099501084536314, 0.010915836319327354, 0.010859908536076546, 0.010800770483911037, 0.010749980807304382, 0.010709868744015694, 0.010655660182237625, 0.01061251387000084, 0.010576256550848484, 0.010537445545196533, 0.010493328794836998, 0.010456971824169159, 0.010422605089843273, 0.010384884662926197, 0.010344401001930237, 0.010311005637049675, 0.010278336703777313, 0.010250924155116081, 0.010217801667749882, 0.01018888596445322, 0.010164499282836914, 0.010131768882274628, 0.010099253617227077, 0.010075526311993599, 0.010044783353805542, 0.010014491155743599, 0.009986653923988342, 0.009960422292351723, 0.009938801638782024, 0.009915415197610855, 0.009883142076432705, 0.009858177974820137, 0.009833802469074726, 0.009804219007492065, 0.009776928462088108, 0.009748179465532303, 0.00971926935017109, 0.00969342328608036, 0.009664769284427166, 0.00963395182043314, 0.009600618854165077, 0.009579564444720745, 0.009563194587826729, 0.009537024423480034, 0.009505505673587322, 0.009505478665232658, 0.009474627673625946, 0.009486732073128223, 0.00950304139405489, 0.00951557606458664, 0.009530317969620228, 0.009474439546465874, 0.00940946489572525, 0.009337443858385086, 0.009310950525105, 0.009280930273234844, 0.00924884993582964, 0.00921307597309351, 0.009169207885861397, 0.009166711941361427, 0.009137407876551151, 0.009091563522815704, 0.009119072929024696, 0.009088801220059395, 0.009112362749874592, 0.009110411629080772, 0.009083420969545841, 0.009079128503799438, 0.009005559608340263, 0.008926307782530785, 0.008944536559283733, 0.008906304836273193, 0.008859255351126194, 0.008836966939270496, 0.008766415528953075, 0.008731765672564507, 0.008684461005032063, 0.008648665621876717, 0.008612147532403469, 0.008605421520769596, 0.008578755892813206, 0.008532761596143246, 0.008501306176185608, 0.008481276221573353, 0.008435994386672974, 0.008362334221601486, 0.008324234746396542, 0.008257299661636353, 0.008236630819737911, 0.008200809359550476, 0.008163787424564362, 0.008175088092684746, 0.008186256512999535, 0.008139599114656448, 0.008068114519119263, 0.007981115952134132, 0.008012562058866024, 0.007911191321909428, 0.007835580967366695, 0.00787291955202818, 0.0078039150685071945, 0.007768735289573669, 0.0077148000709712505, 0.007707605138421059, 0.007652149070054293, 0.007624020334333181, 0.0075451647862792015, 0.007536118384450674, 0.00754217803478241, 0.00752234598621726, 0.007432726211845875, 0.0074328710325062275, 0.0073520708829164505, 0.0072792875580489635, 0.007227318361401558, 0.00715301837772131]","[0.03354603797197342, 0.029444416984915733, 0.026753278449177742, 0.023314202204346657, 0.01865839771926403, 0.017923327162861824, 0.015589706599712372, 0.014205838553607464, 0.013456526212394238, 0.012871388345956802, 0.012443075887858868, 0.012053868733346462, 0.011641782708466053, 0.011230822652578354, 0.010832215659320354, 0.010433539748191833, 0.009990465827286243, 0.009523098357021809, 0.009077825583517551, 0.00865374505519867, 0.008209108375012875, 0.0077965036034584045, 0.007431222125887871, 0.0071237278170883656, 0.006857924163341522, 0.006659202743321657, 0.006478483323007822, 0.006300235632807016, 0.006179245188832283, 0.0060954042710363865, 0.006095280405133963, 0.0061406162567436695, 0.006144929211586714, 0.006135562900453806, 0.006115569267421961, 0.006124109495431185, 0.006136482115834951, 0.006148185580968857, 0.0061468095518648624, 0.006129421293735504, 0.006094079464673996, 0.006073665339499712, 0.006078647915273905, 0.006069542374461889, 0.006072409451007843, 0.006053226534277201, 0.00609641382470727, 0.006109260022640228, 0.0060722716152668, 0.006063677370548248, 0.006032569799572229, 0.006041380111128092, 0.006020097527652979, 0.00593600794672966, 0.005910309497267008, 0.005852110683917999, 0.005870348308235407, 0.0058248708955943584, 0.00583293242380023, 0.00584861496463418, 0.005850255489349365, 0.005818079691380262, 0.005836954340338707, 0.005761861335486174, 0.005790932569652796, 0.00575976213440299, 0.005695240572094917, 0.0057373493909835815, 0.005715659353882074, 0.005780450999736786, 0.00575322424992919, 0.0057077412493526936, 0.005757477134466171, 0.005884665530174971, 0.005824136082082987, 0.005757714156061411, 0.005653152707964182, 0.005566371139138937, 0.005437897518277168, 0.005399592220783234, 0.005173282232135534, 0.004966514650732279, 0.004722085781395435, 0.004551183432340622, 0.004542559385299683, 0.00458532152697444, 0.004711332265287638, 0.00475460896268487, 0.004807713907212019, 0.004767097532749176, 0.004747193306684494, 0.004773159045726061, 0.004742959514260292, 0.004858696833252907, 0.00483634602278471, 0.00467570498585701, 0.004585211630910635, 0.004470067098736763, 0.004428906366229057, 0.004516103770583868, 0.0044698710553348064, 0.0044578867964446545, 0.0046014245599508286, 0.00500018335878849, 0.004339925944805145, 0.004150677472352982, 0.004351555835455656, 0.004570088814944029, 0.004388513509184122, 0.004372039344161749, 0.004280665423721075, 0.0042645675130188465, 0.004237560089677572, 0.004140868317335844, 0.004150487016886473, 0.0042384471744298935, 0.004249613266438246, 0.004208460915833712, 0.004256146494299173, 0.004270165227353573, 0.004143435973674059, 0.0041749137453734875, 0.004172578454017639, 0.004106138367205858, 0.0040234229527413845, 0.0047867498360574245, 0.003964113537222147, 0.003779232269152999, 0.003814325900748372, 0.004044235218316317, 0.0038035307079553604, 0.003879086347296834, 0.004039635881781578, 0.003825126215815544, 0.003873690264299512, 0.003767983289435506, 0.0038439827039837837, 0.0036797395441681147, 0.004042083863168955, 0.0036202948540449142, 0.003951720427721739, 0.0038994636852294207, 0.003624890698119998, 0.0037862646859139204, 0.0037549203261733055, 0.003471813863143325, 0.0034635141491889954, 0.003383878618478775, 0.003492141142487526, 0.003690186655148864]"
7,7,0.007065901124356085,0.923350251038003,"[2.26752345e-02 5.41645124e-04 8.86328385e-04 1.65447965e-02
 2.16658050e-03 2.25939877e-01 1.00000000e+00 6.40347638e-01
 2.80695275e-01 4.38240146e-02 5.24410961e-03 5.85469139e-02]","[ 0.02386518  0.04343623  0.00664499 -0.07807964 -0.00259059  0.32237926
  0.758466    0.6475914   0.35202166  0.07608846  0.01602176  0.05665701]","[0.05297810211777687, 0.035446424037218094, 0.03190888091921806, 0.028481561690568924, 0.024360863491892815, 0.021700652316212654, 0.02038090117275715, 0.019137904047966003, 0.018301120027899742, 0.017795557156205177, 0.017399461939930916, 0.017035217955708504, 0.016708875074982643, 0.016405455768108368, 0.01610710285604, 0.015822883695364, 0.01551980059593916, 0.01520941499620676, 0.014884366653859615, 0.01454267930239439, 0.014179975725710392, 0.0138035137206316, 0.013421440497040749, 0.013028893619775772, 0.012664727866649628, 0.012337971478700638, 0.012082680128514767, 0.011877806857228279, 0.011707521975040436, 0.011571998707950115, 0.011460656300187111, 0.011360600590705872, 0.011266639456152916, 0.011179011315107346, 0.01109160017222166, 0.011013287119567394, 0.010920485481619835, 0.010848680511116982, 0.010781889781355858, 0.010723867453634739, 0.010668953880667686, 0.010622839443385601, 0.010584809817373753, 0.010541045106947422, 0.01049749180674553, 0.010462677106261253, 0.010420027188956738, 0.010389376431703568, 0.0103559335693717, 0.01032082550227642, 0.010288347490131855, 0.010256691835820675, 0.010222988203167915, 0.01019686833024025, 0.010164512321352959, 0.01013145875185728, 0.010106953792273998, 0.010085668414831161, 0.01006386335939169, 0.010048848576843739, 0.010027318261563778, 0.010006244294345379, 0.009982352145016193, 0.009968063794076443, 0.009942575357854366, 0.009925005957484245, 0.009903539903461933, 0.009883593767881393, 0.009866979904472828, 0.009848733432590961, 0.009828452952206135, 0.009804045781493187, 0.00977365206927061, 0.009749415330588818, 0.009722767397761345, 0.009693113155663013, 0.009667295031249523, 0.00964345782995224, 0.009617817588150501, 0.009587690234184265, 0.009560211561620235, 0.009534626267850399, 0.009503546170890331, 0.009470517747104168, 0.009444056078791618, 0.009417879395186901, 0.009386963210999966, 0.009362629614770412, 0.009339340962469578, 0.009308697655797005, 0.009280274622142315, 0.009258505888283253, 0.009226239286363125, 0.009200806729495525, 0.00917031615972519, 0.00914511177688837, 0.009111233055591583, 0.009090433828532696, 0.009067097678780556, 0.009039392694830894, 0.009020132943987846, 0.008994926698505878, 0.00896531343460083, 0.008934353478252888, 0.008898238651454449, 0.008820539340376854, 0.008853753097355366, 0.008831024169921875, 0.008811846375465393, 0.008790992200374603, 0.008755442686378956, 0.008727827109396458, 0.008703524246811867, 0.008688133209943771, 0.008661476895213127, 0.008611949160695076, 0.008593074977397919, 0.008587113581597805, 0.008557179011404514, 0.00855318270623684, 0.00853070616722107, 0.008488801307976246, 0.008444775827229023, 0.008370054885745049, 0.008321181870996952, 0.008272194303572178, 0.008229519240558147, 0.008205104619264603, 0.008162134326994419, 0.008109517395496368, 0.0080704465508461, 0.008035489358007908, 0.007996923290193081, 0.007964291609823704, 0.007928336039185524, 0.00789056159555912, 0.007861309684813023, 0.007842276245355606, 0.007806958165019751, 0.0077951401472091675, 0.0077721006236970425, 0.007753665093332529, 0.00773010216653347, 0.0076940301805734634, 0.007657076232135296, 0.007630043663084507, 0.007615956012159586, 0.007588292472064495, 0.007575375959277153, 0.007514887023717165]","[0.059733569622039795, 0.05400212109088898, 0.0497865229845047, 0.04368181526660919, 0.03587816283106804, 0.03199758753180504, 0.030115196481347084, 0.02895813249051571, 0.02836790680885315, 0.027923470363020897, 0.027592018246650696, 0.027257131412625313, 0.02693294547498226, 0.026591891422867775, 0.026187682524323463, 0.02577356807887554, 0.025345250964164734, 0.024829119443893433, 0.02428012527525425, 0.023698946461081505, 0.02306259237229824, 0.022273361682891846, 0.021594451740384102, 0.020925268530845642, 0.020406698808073997, 0.01996021531522274, 0.019663209095597267, 0.019534766674041748, 0.019426966086030006, 0.01931752823293209, 0.019173255190253258, 0.01900031976401806, 0.018750064074993134, 0.018553724512457848, 0.018355444073677063, 0.01822267286479473, 0.018140489235520363, 0.01807527430355549, 0.01795228384435177, 0.017860444262623787, 0.01776224933564663, 0.017695441842079163, 0.01760886423289776, 0.017463142052292824, 0.017396993935108185, 0.0172854233533144, 0.017158694565296173, 0.01708226278424263, 0.01699267327785492, 0.01695091836154461, 0.016813455149531364, 0.016694476827979088, 0.01662413403391838, 0.01650162599980831, 0.016411030665040016, 0.016308480873703957, 0.016201769933104515, 0.0161045640707016, 0.01598803512752056, 0.01594599522650242, 0.015872059389948845, 0.015803711488842964, 0.015683120116591454, 0.015641948208212852, 0.015538339503109455, 0.015515345148742199, 0.015433196909725666, 0.015404936857521534, 0.015333333052694798, 0.015310206450521946, 0.015238435007631779, 0.015171143226325512, 0.015070438385009766, 0.015000678598880768, 0.014912634156644344, 0.014839199371635914, 0.014778402633965015, 0.014680423773825169, 0.014591631479561329, 0.014493010006844997, 0.014411796815693378, 0.0143665112555027, 0.014329073019325733, 0.014214388094842434, 0.01417542714625597, 0.014116540551185608, 0.014005246572196484, 0.013936202973127365, 0.013880166225135326, 0.013801257126033306, 0.013744663447141647, 0.013674397952854633, 0.013591279275715351, 0.013557019643485546, 0.013461197726428509, 0.013422161340713501, 0.013364390470087528, 0.013288467191159725, 0.013274538330733776, 0.013170321471989155, 0.0131421759724617, 0.013047483749687672, 0.012980472296476364, 0.012866299599409103, 0.012857992202043533, 0.012582083232700825, 0.012653409503400326, 0.012637215666472912, 0.012570515275001526, 0.012558351270854473, 0.012458011507987976, 0.0123567134141922, 0.0123134171590209, 0.012211008928716183, 0.012051166035234928, 0.012031826190650463, 0.01202113926410675, 0.011986830271780491, 0.011933539994060993, 0.011877861805260181, 0.011787409894168377, 0.011687916703522205, 0.01163813192397356, 0.01145696360617876, 0.01137126237154007, 0.011301708407700062, 0.011110114865005016, 0.011068773455917835, 0.010992594994604588, 0.01097536738961935, 0.010944373905658722, 0.010858730413019657, 0.010844995267689228, 0.010812095366418362, 0.01072393823415041, 0.01073417067527771, 0.010678187943994999, 0.010611899197101593, 0.010545496828854084, 0.010489478707313538, 0.010408959351480007, 0.01041040662676096, 0.01026905607432127, 0.010195882990956306, 0.010082901455461979, 0.009969843551516533, 0.009932183660566807, 0.009829167276620865, 0.009706058539450169, 0.009662541560828686]"
48,15,0.024423625087685977,0.7402624407278591,"[2.17897679e-02 3.38810774e-04 1.69405387e-04 1.75969846e-02
 1.51617821e-02 1.13988650e-01 9.33106048e-01 6.94837371e-01
 4.56568694e-01 2.64272404e-02 2.49872946e-03 4.12290361e-02]","[ 0.05017323  0.07627364  0.0106738  -0.0498765   0.02888609  0.26810065
  0.5009245   0.48741004  0.32402828  0.123946    0.00593811  0.0093819 ]","[0.05188300460577011, 0.03679104894399643, 0.03008558601140976, 0.027374939993023872, 0.026065068319439888, 0.024403449147939682, 0.022399242967367172, 0.020148325711488724, 0.018200302496552467, 0.017252517864108086, 0.016437577083706856, 0.015850594267249107, 0.015555609948933125, 0.015128805302083492, 0.015015453100204468, 0.014665346592664719, 0.01455619465559721, 0.014272836968302727, 0.014167461544275284, 0.013923032209277153, 0.013806466944515705, 0.01358239259570837, 0.013441299088299274, 0.013202236965298653, 0.013058570213615894, 0.012785556726157665, 0.012638974003493786, 0.012360190972685814, 0.012202354148030281, 0.011926727369427681, 0.011782083660364151, 0.011501884087920189, 0.01136566698551178, 0.011113337241113186, 0.01098219957202673, 0.010778827592730522, 0.010650989599525928, 0.010472909547388554, 0.010332971811294556, 0.010177453979849815, 0.010061586275696754, 0.009960941970348358, 0.009859247133135796, 0.009781469590961933, 0.009705550037324429, 0.009641220793128014, 0.009584656916558743, 0.009514871053397655, 0.009464842267334461, 0.009420149959623814, 0.009354094974696636, 0.009327755309641361, 0.0092728640884161, 0.009229526855051517, 0.009246423840522766, 0.009140131063759327, 0.00919477641582489, 0.009196806699037552, 0.00895012728869915, 0.008883036673069, 0.008988830260932446, 0.009603818878531456, 0.012631459161639214, 0.01009212527424097, 0.009558137506246567, 0.009249044582247734, 0.00917682982981205, 0.009174761362373829, 0.009150735102593899, 0.009137800894677639, 0.00914724636822939, 0.009138932451605797, 0.009129809215664864, 0.009090719744563103, 0.0090366555377841, 0.008978163823485374, 0.008927308022975922, 0.008888505399227142, 0.008856501430273056, 0.008826007135212421, 0.008803355507552624, 0.00878401193767786, 0.008766754530370235, 0.008750415407121181, 0.008732883259654045, 0.00871687475591898, 0.00870430376380682, 0.008691227063536644, 0.008663038723170757, 0.00865345448255539, 0.008638647384941578, 0.008620576933026314, 0.008604604750871658, 0.008586468175053596, 0.008564997464418411, 0.008538534864783287, 0.008531063795089722, 0.008495119400322437, 0.00848710909485817, 0.008493307046592236, 0.008465041406452656, 0.008436758071184158, 0.008398333564400673, 0.008372986689209938, 0.008341857232153416, 0.008305652998387814, 0.008320622146129608, 0.008299736306071281, 0.008251883089542389, 0.008215976879000664, 0.008181171491742134, 0.008205887861549854, 0.008169382810592651, 0.008077754639089108, 0.008061854168772697, 0.00798026006668806, 0.007976989261806011, 0.00790955126285553, 0.00789385661482811, 0.007867713458836079, 0.007860338315367699, 0.007788937538862228, 0.007766028866171837, 0.007714643608778715, 0.0076938713900744915, 0.007679521571844816, 0.007708801422268152, 0.00756137166172266, 0.007651234976947308, 0.00758047541603446, 0.0074121966026723385, 0.007480370346456766, 0.007457878440618515, 0.0073532769456505775, 0.007339276373386383, 0.007283588871359825, 0.0072614653035998344, 0.007254930213093758, 0.0072084530256688595, 0.007121286820620298, 0.0070482962764799595, 0.007070706691592932, 0.007107079494744539, 0.007071902509778738, 0.006982807070016861, 0.0068907649256289005, 0.006872290745377541, 0.006827918812632561, 0.006785019300878048, 0.006812759675085545]","[0.07062871009111404, 0.05640179291367531, 0.051230043172836304, 0.049362387508153915, 0.04663187265396118, 0.043651238083839417, 0.039361897855997086, 0.03450816124677658, 0.03114997409284115, 0.030933022499084473, 0.029608070850372314, 0.03052917681634426, 0.02893904410302639, 0.029904387891292572, 0.02875562757253647, 0.02953486144542694, 0.028502285480499268, 0.02903744764626026, 0.02835335023701191, 0.02855800837278366, 0.02809079922735691, 0.02807302214205265, 0.02750352770090103, 0.027542075142264366, 0.026987602934241295, 0.026885107159614563, 0.026416420936584473, 0.02622981369495392, 0.02561926655471325, 0.025593237951397896, 0.024972349405288696, 0.02495335228741169, 0.024317851290106773, 0.024350794032216072, 0.023840898647904396, 0.023851945996284485, 0.02350854128599167, 0.023410001769661903, 0.023183533921837807, 0.023149488493800163, 0.023087510839104652, 0.022966736927628517, 0.02298102341592312, 0.022972196340560913, 0.022879568859934807, 0.02298904024064541, 0.022904688492417336, 0.022965336218476295, 0.023024341091513634, 0.022993506863713264, 0.02309894561767578, 0.023084232583642006, 0.023184746503829956, 0.023641342297196388, 0.02342972159385681, 0.023963622748851776, 0.02280321903526783, 0.023571336641907692, 0.023468827828764915, 0.02399950474500656, 0.024641426280140877, 0.02630321867763996, 0.02413029968738556, 0.022341342642903328, 0.02191423811018467, 0.022302448749542236, 0.022724270820617676, 0.023057011887431145, 0.022931760177016258, 0.02300463616847992, 0.022896306589245796, 0.02272726036608219, 0.022425124421715736, 0.02214260958135128, 0.021903203800320625, 0.02173568867146969, 0.021634401753544807, 0.02155780792236328, 0.021554118022322655, 0.021567674353718758, 0.021584415808320045, 0.02166040800511837, 0.021697470918297768, 0.0217050239443779, 0.021680960431694984, 0.021672017872333527, 0.02167791686952114, 0.021619567647576332, 0.021637246012687683, 0.021700406447052956, 0.021709660068154335, 0.021696174517273903, 0.02172284573316574, 0.021646497771143913, 0.021485745906829834, 0.021542856469750404, 0.02107066474854946, 0.02102591097354889, 0.021463975310325623, 0.021891966462135315, 0.021982764825224876, 0.021890871226787567, 0.02156643010675907, 0.02121637761592865, 0.021207906305789948, 0.020784694701433182, 0.021047959104180336, 0.02200232446193695, 0.02125016786158085, 0.021534033119678497, 0.02163841389119625, 0.021839184686541557, 0.022329242900013924, 0.022090012207627296, 0.022590989246964455, 0.02197682298719883, 0.023119168356060982, 0.02236311137676239, 0.02274559997022152, 0.022493600845336914, 0.022168338298797607, 0.021815963089466095, 0.021268492564558983, 0.022458026185631752, 0.02030959539115429, 0.022779330611228943, 0.019741903990507126, 0.021800899878144264, 0.019714586436748505, 0.022625068202614784, 0.018269315361976624, 0.021541690453886986, 0.02066531963646412, 0.019677497446537018, 0.01895933412015438, 0.018748730421066284, 0.018280019983649254, 0.01855642907321453, 0.018507087603211403, 0.01774272508919239, 0.017235079780220985, 0.01750212348997593, 0.017480507493019104, 0.017902715131640434, 0.017481962218880653, 0.017190253362059593, 0.017146704718470573, 0.016789725050330162, 0.01650259830057621, 0.017026962712407112]"
49,5,0.016426898261591747,0.7843411158938924,"[0.01813225 0.00086737 0.         0.03134939 0.01286605 0.12273347
 0.83928793 0.64110322 0.44291851 0.0705671  0.02248978 0.04758168]","[ 5.2771404e-02  1.6717788e-02  5.7316609e-03 -1.9491293e-02
  1.8163882e-03  1.4041543e-01  4.2963055e-01  5.2352661e-01
  3.8263297e-01  1.5235966e-01 -1.3604015e-04  5.9395842e-02]","[0.036629341542720795, 0.024889683350920677, 0.022042162716388702, 0.018795344978570938, 0.016697943210601807, 0.015549751929938793, 0.014926569536328316, 0.01451882440596819, 0.014187951572239399, 0.013906974345445633, 0.013653825968503952, 0.013410435989499092, 0.01318171713501215, 0.01295035146176815, 0.0127142034471035, 0.012455746531486511, 0.012174130417406559, 0.011882977560162544, 0.011575998738408089, 0.011248566210269928, 0.010931683704257011, 0.010635512880980968, 0.010386526584625244, 0.010198564268648624, 0.010051614604890347, 0.00994384940713644, 0.009841184131801128, 0.009756087325513363, 0.00968202855437994, 0.009615698829293251, 0.009553707204759121, 0.009497554041445255, 0.009445800445973873, 0.009389850310981274, 0.009344613179564476, 0.009296859614551067, 0.009256706573069096, 0.009218468330800533, 0.009177504107356071, 0.009138228371739388, 0.009106660261750221, 0.009062756784260273, 0.009019718505442142, 0.008992169983685017, 0.008947829715907574, 0.008916235528886318, 0.008875001221895218, 0.008837543427944183, 0.008801057003438473, 0.008774098008871078, 0.00873357430100441, 0.008700724691152573, 0.008686774410307407, 0.008636106736958027, 0.008604218252003193, 0.008607527241110802, 0.008582753129303455, 0.008461251854896545, 0.008681274019181728, 0.008437960408627987, 0.008387704379856586, 0.008664264343678951, 0.00852883793413639, 0.008200402371585369, 0.008218550123274326, 0.00817666295915842, 0.008133258670568466, 0.00812734104692936, 0.008068200200796127, 0.008863241411745548, 0.0082654794678092, 0.008082713931798935, 0.008010953664779663, 0.007872460409998894, 0.007787390612065792, 0.007722464390099049, 0.008065548725426197, 0.008186973631381989, 0.007447577081620693, 0.008997982367873192, 0.00847866851836443, 0.007856668904423714, 0.007720131892710924, 0.007634730543941259, 0.007558183278888464, 0.007467905059456825, 0.0073914239183068275, 0.007251938804984093, 0.007084750570356846, 0.007042482495307922, 0.007218251470476389, 0.0069471364840865135, 0.006808396894484758, 0.007589074783027172, 0.006986263673752546, 0.006706065032631159, 0.006542641669511795, 0.006544466596096754, 0.006660078652203083, 0.006451612338423729, 0.006395569536834955, 0.006304867099970579, 0.00631093280389905, 0.006237146910279989, 0.006246891804039478, 0.006151186302304268, 0.006183336488902569, 0.006066115573048592, 0.006166783627122641, 0.0059840623289346695, 0.006118342746049166, 0.005923305172473192, 0.006036752834916115, 0.005847192369401455, 0.005926304962486029, 0.005800287239253521, 0.005873958580195904, 0.005752423778176308, 0.005767866037786007, 0.005707824602723122, 0.005755886901170015, 0.005662824958562851, 0.005794233176857233, 0.0057526882737874985, 0.005718959961086512, 0.005548075772821903, 0.005609503481537104, 0.005518265999853611, 0.00560782803222537, 0.005542117636650801, 0.005594127345830202, 0.005494332872331142, 0.005481349304318428, 0.005593574605882168, 0.005557770375162363, 0.005539070349186659, 0.0057884459383785725, 0.006129133980721235, 0.005584850441664457, 0.005416745785623789, 0.005399951245635748, 0.0053727454505860806, 0.005508725065737963, 0.0054021053947508335, 0.005461972206830978, 0.005527661181986332, 0.005437261890619993, 0.005582762416452169, 0.005429439712315798, 0.005358764436095953]","[0.04360092058777809, 0.03906995430588722, 0.03325353190302849, 0.026820195838809013, 0.024414604529738426, 0.023743966594338417, 0.02338939905166626, 0.02320639044046402, 0.023092573508620262, 0.0229574516415596, 0.022851310670375824, 0.022670358419418335, 0.02244430221617222, 0.022292042151093483, 0.022022860124707222, 0.0217286329716444, 0.02133955992758274, 0.02084510587155819, 0.02042224071919918, 0.019934138283133507, 0.019443320110440254, 0.01905997097492218, 0.018794909119606018, 0.01861646957695484, 0.018495822325348854, 0.018355460837483406, 0.018247826024889946, 0.018162723630666733, 0.01805335469543934, 0.01802664063870907, 0.017970532178878784, 0.017860323190689087, 0.01776697486639023, 0.017693445086479187, 0.017720133066177368, 0.017548108473420143, 0.017473310232162476, 0.017421850934624672, 0.017327988520264626, 0.017236914485692978, 0.01724013313651085, 0.017112059518694878, 0.016969239339232445, 0.016894914209842682, 0.016780616715550423, 0.016717219725251198, 0.016583340242505074, 0.01663442701101303, 0.01649528555572033, 0.01648077927529812, 0.016304580494761467, 0.016171006485819817, 0.01615096442401409, 0.01593286544084549, 0.01593710482120514, 0.01565646380186081, 0.016072280704975128, 0.01676272228360176, 0.01574244163930416, 0.016005007550120354, 0.016757342964410782, 0.013658669777214527, 0.015277917496860027, 0.014310814440250397, 0.014347165822982788, 0.014389090240001678, 0.014343800954520702, 0.014530467800796032, 0.015396319329738617, 0.014358882792294025, 0.015189148485660553, 0.014017388224601746, 0.01540406420826912, 0.014444599859416485, 0.014055043458938599, 0.014431840740144253, 0.012999914586544037, 0.017041871324181557, 0.014302290976047516, 0.01865648292005062, 0.014901760965585709, 0.014409132301807404, 0.01461093034595251, 0.014518027193844318, 0.01464418787509203, 0.01450495794415474, 0.01419877540320158, 0.01369891781359911, 0.013007364235818386, 0.012979880906641483, 0.012358005158603191, 0.012666028924286366, 0.013468380086123943, 0.012805167585611343, 0.013069861568510532, 0.012049969285726547, 0.012682954780757427, 0.012661908753216267, 0.011589902453124523, 0.01161815132945776, 0.011655040085315704, 0.01156415045261383, 0.011304761283099651, 0.011241677217185497, 0.011155341751873493, 0.011082570068538189, 0.0111243249848485, 0.01104352530092001, 0.011521716602146626, 0.011297347955405712, 0.011203465051949024, 0.01116762775927782, 0.01086480263620615, 0.010875762440264225, 0.010846972465515137, 0.011126128025352955, 0.010448575019836426, 0.010620680637657642, 0.010297498665750027, 0.010687974281609058, 0.010185104794800282, 0.01083636749535799, 0.009777196682989597, 0.012171094305813313, 0.010574907064437866, 0.010776557959616184, 0.010537311434745789, 0.011141248047351837, 0.010359390638768673, 0.011603540740907192, 0.010282512754201889, 0.011033105663955212, 0.01031851302832365, 0.013064640574157238, 0.010936182923614979, 0.012722578831017017, 0.01118035614490509, 0.012404650449752808, 0.010424311272799969, 0.01085805892944336, 0.011001702398061752, 0.010614372789859772, 0.010699811391532421, 0.010794957168400288, 0.010596990585327148, 0.010768834501504898, 0.01029771938920021, 0.010606219060719013, 0.010775384493172169, 0.010380561463534832]"
50,4,0.014417556329119114,0.8162212710966225,"[1.32777240e-02 2.61927789e-04 1.14845261e-03 3.01015474e-02
 9.71147647e-03 2.48327692e-01 9.21200032e-01 6.07168762e-01
 2.93137492e-01 1.33200355e-01 4.37217924e-03 4.81947131e-02]","[ 0.04156699  0.03033973  0.02160696 -0.0193167   0.04112774  0.21679801
  0.52766335  0.52157086  0.32263505  0.10266219 -0.04039824  0.0267773 ]","[0.03317300230264664, 0.023858340457081795, 0.021058568730950356, 0.01810392364859581, 0.016509177163243294, 0.01573442853987217, 0.015288807451725006, 0.014944569207727909, 0.014669414609670639, 0.01443686056882143, 0.014221714809536934, 0.014012671075761318, 0.013809014111757278, 0.013611774891614914, 0.01340771559625864, 0.013198471628129482, 0.01297836471349001, 0.01273192185908556, 0.012470866553485394, 0.012191874906420708, 0.011906071566045284, 0.01162730809301138, 0.011376871727406979, 0.011170902289450169, 0.011004666797816753, 0.010874555446207523, 0.010768438689410686, 0.010674457997083664, 0.010591256432235241, 0.010523947887122631, 0.010465576313436031, 0.01041522528976202, 0.010367038659751415, 0.010325731709599495, 0.010283484123647213, 0.010247522033751011, 0.010202452540397644, 0.010172630660235882, 0.010128181427717209, 0.010095285251736641, 0.010054459795355797, 0.010024091228842735, 0.00999352615326643, 0.009960833936929703, 0.009933656081557274, 0.009914630092680454, 0.009884614497423172, 0.009860474616289139, 0.009834048338234425, 0.00981062650680542, 0.009786654263734818, 0.009763970971107483, 0.00973967369645834, 0.009717440232634544, 0.009694436565041542, 0.009674196131527424, 0.009649327956140041, 0.009636964648962021, 0.009615300223231316, 0.00959818996489048, 0.009580967016518116, 0.009561533108353615, 0.00954466499388218, 0.00952980201691389, 0.009514033794403076, 0.0094962352886796, 0.009477909654378891, 0.009459699504077435, 0.009441408328711987, 0.009426549077033997, 0.00940888561308384, 0.009393681772053242, 0.009370977059006691, 0.009355446323752403, 0.009332624264061451, 0.009318545460700989, 0.00930096860975027, 0.009277471341192722, 0.009259933605790138, 0.009242055006325245, 0.009226433001458645, 0.009206987917423248, 0.009187438525259495, 0.00916617177426815, 0.009152987040579319, 0.009131533093750477, 0.009111526422202587, 0.009098108857870102, 0.00907221995294094, 0.00905586313456297, 0.00903431884944439, 0.009013740345835686, 0.008994265459477901, 0.008970125578343868, 0.008955247700214386, 0.008928566239774227, 0.008913817815482616, 0.008888542652130127, 0.008871568366885185, 0.008848411962389946, 0.008825610391795635, 0.008804967626929283, 0.00879472866654396, 0.008774266578257084, 0.008752606809139252, 0.008731354959309101, 0.008716188371181488, 0.008695081807672977, 0.008689194917678833, 0.00867094099521637, 0.00864862184971571, 0.00863790325820446, 0.00861591286957264, 0.008599423803389072, 0.008581540547311306, 0.00856595579534769, 0.008543380536139011, 0.008524633944034576, 0.008509572595357895, 0.00849958322942257, 0.008473946712911129, 0.008458441123366356, 0.008452994748950005, 0.00845861341804266, 0.008449175395071507, 0.008404001593589783, 0.008385044522583485, 0.00835866667330265, 0.00832335278391838, 0.008305969648063183, 0.008281469345092773, 0.008263295516371727, 0.008252623490989208, 0.008222007192671299, 0.008217673748731613, 0.008181257173418999, 0.008175014518201351, 0.008148374035954475, 0.00812315009534359, 0.008098372258245945, 0.008058547973632812, 0.008005880750715733, 0.008028296753764153, 0.007908637635409832, 0.007814604789018631, 0.007801299914717674, 0.007672861218452454, 0.007647315040230751, 0.007671167142689228, 0.007511603180319071]","[0.04310104250907898, 0.038803886622190475, 0.032738737761974335, 0.027012065052986145, 0.02495330385863781, 0.02425960637629032, 0.023879649117588997, 0.02357437275350094, 0.0233328714966774, 0.023093923926353455, 0.0227776188403368, 0.022430554032325745, 0.02206435054540634, 0.021752983331680298, 0.02139683999121189, 0.020998500287532806, 0.020596327260136604, 0.02011272870004177, 0.019541459158062935, 0.01902894489467144, 0.018506230786442757, 0.018125126138329506, 0.017857715487480164, 0.017758293077349663, 0.0177152156829834, 0.017710885033011436, 0.01774011366069317, 0.01773410104215145, 0.01775413192808628, 0.01773013360798359, 0.01774856261909008, 0.017769508063793182, 0.017753800377249718, 0.017725855112075806, 0.017667371779680252, 0.01770348660647869, 0.017626576125621796, 0.017640026286244392, 0.017572933807969093, 0.017518291249871254, 0.01755518466234207, 0.017447756603360176, 0.017524072900414467, 0.017381999641656876, 0.017376171424984932, 0.01726287603378296, 0.01723533868789673, 0.017188305035233498, 0.0170519407838583, 0.01709216833114624, 0.01701928861439228, 0.01701345108449459, 0.016933942213654518, 0.01698354072868824, 0.016898637637495995, 0.01688576489686966, 0.016801904886960983, 0.01677449233829975, 0.016750330105423927, 0.016668550670146942, 0.01665458083152771, 0.016609668731689453, 0.01662587933242321, 0.016511673107743263, 0.0164693221449852, 0.0164544228464365, 0.0163593553006649, 0.01639670692384243, 0.016270531341433525, 0.016255980357527733, 0.016225457191467285, 0.016215266659855843, 0.016146093606948853, 0.01617344468832016, 0.01600862294435501, 0.016062112525105476, 0.015944184735417366, 0.015919560566544533, 0.015878895297646523, 0.015804840251803398, 0.01579647697508335, 0.01564464531838894, 0.015728211030364037, 0.015599424950778484, 0.01551490556448698, 0.015521024353802204, 0.015461761504411697, 0.015367803163826466, 0.01538743358105421, 0.015280605293810368, 0.01522770244628191, 0.015141841024160385, 0.015147981233894825, 0.015027828514575958, 0.015016700141131878, 0.01490687858313322, 0.014947178773581982, 0.014841102994978428, 0.01483165193349123, 0.014805689454078674, 0.01472588162869215, 0.014615125954151154, 0.01464949082583189, 0.014542173594236374, 0.014534302055835724, 0.014436599798500538, 0.014466720633208752, 0.014390056021511555, 0.014349091798067093, 0.014297187328338623, 0.014245782978832722, 0.014214073307812214, 0.014160886406898499, 0.014146260917186737, 0.01407952606678009, 0.014093519188463688, 0.014056985266506672, 0.014028864912688732, 0.013959650881588459, 0.013960345648229122, 0.013913352973759174, 0.013866744935512543, 0.013846118934452534, 0.013839793391525745, 0.013757233507931232, 0.013767356984317303, 0.013769983313977718, 0.013773590326309204, 0.013774801976978779, 0.01375819742679596, 0.013757667504251003, 0.013702870346605778, 0.013690720312297344, 0.013585194945335388, 0.013541549444198608, 0.013467750512063503, 0.013360022567212582, 0.013448632322251797, 0.013224158436059952, 0.0132553456351161, 0.013070772401988506, 0.01313635054975748, 0.012928848154842854, 0.012674028985202312, 0.012451020069420338, 0.012688875198364258, 0.011881734244525433, 0.011957566253840923, 0.012072431854903698, 0.011767427437007427]"
91,1,0.019404751158411476,0.8133781675799074,"[1.92996336e-02 2.91472352e-04 4.37208528e-04 7.09943371e-03
 8.45269820e-03 1.12570786e-01 1.00000000e+00 7.16022652e-01
 4.32045303e-01 3.47476682e-02 3.01882079e-03 3.35817788e-02]","[ 0.0403217   0.04943861  0.07171321 -0.07975556  0.05009163  0.13524973
  0.6291987   0.5458409   0.47805133  0.21760122  0.09845327  0.09692443]","[0.03084169700741768, 0.02122669294476509, 0.017500750720500946, 0.016276419162750244, 0.015563004650175571, 0.014974541030824184, 0.014378273859620094, 0.013725991360843182, 0.01296998094767332, 0.012226513586938381, 0.011672336608171463, 0.011347425170242786, 0.011120902374386787, 0.0109678003937006, 0.010838700458407402, 0.01072930172085762, 0.01063560601323843, 0.010546653531491756, 0.010470496490597725, 0.01039442140609026, 0.010319985449314117, 0.010236726142466068, 0.010162104852497578, 0.010093442164361477, 0.01001446321606636, 0.00994695071130991, 0.009876548312604427, 0.009790394455194473, 0.009724380448460579, 0.009654687717556953, 0.00958151277154684, 0.009510966017842293, 0.009431063197553158, 0.009364130906760693, 0.009313030168414116, 0.009218673221766949, 0.009138478897511959, 0.009084959514439106, 0.008971481584012508, 0.008878489956259727, 0.00876537710428238, 0.008639141917228699, 0.008518137037754059, 0.008400851860642433, 0.00829399935901165, 0.008138756267726421, 0.00799370277673006, 0.007911416701972485, 0.007757736835628748, 0.007644615136086941, 0.007548789493739605, 0.0074032885022461414, 0.007309478707611561, 0.00720773683860898, 0.007107013836503029, 0.007033670321106911, 0.006987994071096182, 0.00691530667245388, 0.0069771320559084415, 0.006982661783695221, 0.006885148119181395, 0.006876972503960133, 0.006736974231898785, 0.006687303073704243, 0.006599653046578169, 0.006533320061862469, 0.00650016637519002, 0.0065389759838581085, 0.006406878121197224, 0.006365655455738306, 0.006469106301665306, 0.006320611573755741, 0.006282583810389042, 0.0063804988749325275, 0.0061570582911372185, 0.006184116005897522, 0.006126992404460907, 0.006212624255567789, 0.00623383978381753, 0.006095736287534237, 0.0060801198706030846, 0.006010062526911497, 0.005982980132102966, 0.006032589357346296, 0.005943254567682743, 0.006505060475319624, 0.006168243009597063, 0.005858417134732008, 0.0058836438693106174, 0.005812330171465874, 0.0059802778996527195, 0.005784883629530668, 0.005716062616556883, 0.005804979708045721, 0.005793654825538397, 0.005706461612135172, 0.005762968212366104, 0.005658826790750027, 0.005604721140116453, 0.005662142764776945, 0.005761269014328718, 0.005593632813543081, 0.005590673070400953, 0.00554681196808815, 0.0056672850623726845, 0.005524788051843643, 0.005688574630767107, 0.0055997963063418865, 0.005650452803820372, 0.005424087401479483, 0.005316149443387985, 0.005271718837320805, 0.005299269687384367, 0.005239999387413263, 0.005216293502599001, 0.005174531135708094, 0.005168831907212734, 0.0051355548202991486, 0.005110178142786026, 0.005142225418239832, 0.005182716064155102, 0.005108460783958435, 0.0050419289618730545, 0.005043583456426859, 0.004947904031723738, 0.005317453760653734, 0.0052209715358912945, 0.00488623883575201, 0.004856424871832132, 0.004865474998950958, 0.004837857559323311, 0.0048424419946968555, 0.004878794774413109, 0.005199176259338856, 0.00489606149494648, 0.004695584997534752, 0.004677011165767908, 0.004623197950422764, 0.004573250189423561, 0.004563041031360626, 0.004532285965979099, 0.004515206441283226, 0.004487165715545416, 0.004487807396799326, 0.004382122308015823, 0.0043951463885605335, 0.00438036909326911, 0.004373527131974697, 0.0044318572618067265, 0.004322976339608431]","[0.04899921640753746, 0.03661423549056053, 0.03312796354293823, 0.031815316528081894, 0.030789675191044807, 0.03002730943262577, 0.029065100476145744, 0.028137916699051857, 0.026952654123306274, 0.025790391489863396, 0.0249958336353302, 0.02448439598083496, 0.02409057319164276, 0.02374959923326969, 0.023596180602908134, 0.023463578894734383, 0.023341655731201172, 0.023136073723435402, 0.022964993491768837, 0.022671306505799294, 0.02230156771838665, 0.021844660863280296, 0.021509528160095215, 0.02116791345179081, 0.020583175122737885, 0.020307021215558052, 0.019789818674325943, 0.019429804757237434, 0.018910327926278114, 0.018858252093195915, 0.018815750256180763, 0.018672028556466103, 0.018359042704105377, 0.01866757683455944, 0.01797417737543583, 0.018141580745577812, 0.01808818429708481, 0.01788378693163395, 0.017346419394016266, 0.017623523250222206, 0.01673244498670101, 0.016705209389328957, 0.01603340543806553, 0.015789739787578583, 0.015608571469783783, 0.015181557275354862, 0.015032283961772919, 0.01487093884497881, 0.014728673733770847, 0.014508992433547974, 0.014475452713668346, 0.014322169125080109, 0.014028879813849926, 0.013762668706476688, 0.013724175281822681, 0.013614716939628124, 0.013261166401207447, 0.013001672923564911, 0.01276463270187378, 0.012440639548003674, 0.012511939741671085, 0.01245866995304823, 0.012531355023384094, 0.012426394037902355, 0.011873043142259121, 0.011696887202560902, 0.011589649133384228, 0.01180102676153183, 0.0116073964163661, 0.011521811597049236, 0.012312921695411205, 0.011583087034523487, 0.011286546476185322, 0.011397858150303364, 0.011127402074635029, 0.011140011250972748, 0.010712023824453354, 0.01094797719269991, 0.011535219848155975, 0.011168616823852062, 0.010977092199027538, 0.011803768575191498, 0.010487760417163372, 0.011415895074605942, 0.01103645283728838, 0.012317262589931488, 0.011168360710144043, 0.011354703456163406, 0.011674605309963226, 0.010247147642076015, 0.01086606178432703, 0.010746004991233349, 0.010495343245565891, 0.011937635950744152, 0.010677252896130085, 0.011063561774790287, 0.010620038025081158, 0.010961887426674366, 0.010667470283806324, 0.010512907058000565, 0.010866783559322357, 0.010309386998414993, 0.01091809943318367, 0.010358155705034733, 0.01167310494929552, 0.010806095786392689, 0.01294614840298891, 0.011736143380403519, 0.011524245142936707, 0.010926768183708191, 0.009972893632948399, 0.010118266567587852, 0.010016090236604214, 0.01006246916949749, 0.009813058190047741, 0.009531973861157894, 0.009759854525327682, 0.009635659866034985, 0.009935412555932999, 0.010075339116156101, 0.010192847810685635, 0.00982702523469925, 0.009305783547461033, 0.010239935480058193, 0.009805654175579548, 0.01002821046859026, 0.01081442553550005, 0.009860137477517128, 0.010451361536979675, 0.01010171789675951, 0.010777461342513561, 0.009492341428995132, 0.010206921957433224, 0.011619058437645435, 0.010777163319289684, 0.010979239828884602, 0.010630249977111816, 0.010952860116958618, 0.011020938865840435, 0.01036756206303835, 0.01280930358916521, 0.011588647961616516, 0.011216980405151844, 0.014148575253784657, 0.011551161296665668, 0.012004189193248749, 0.013591756112873554, 0.012365483678877354, 0.013124597258865833, 0.012148662470281124]"
92,6,0.008005077380894272,0.8567492508714225,"[2.41602465e-02 5.54699538e-04 3.28710837e-04 2.03595275e-02
 1.38058552e-02 1.27930149e-01 7.23965074e-01 5.45557268e-01
 3.67149461e-01 5.54494093e-02 1.03338469e-02 3.21109399e-02]","[ 0.02573486  0.00984833  0.02969717 -0.00714492 -0.00865385  0.12058172
  0.43723977  0.48069182  0.35620168  0.13600451  0.01702807  0.05897951]","[0.036842551082372665, 0.02482183277606964, 0.022562799975275993, 0.019939402118325233, 0.017464712262153625, 0.01613251492381096, 0.015354108065366745, 0.014890431426465511, 0.014569546096026897, 0.014293814077973366, 0.014021005481481552, 0.013789335265755653, 0.013599918223917484, 0.013417789712548256, 0.013233250007033348, 0.013061762787401676, 0.01287617813795805, 0.012693075463175774, 0.012505464255809784, 0.012309241108596325, 0.012102721258997917, 0.011899051256477833, 0.01168685033917427, 0.01146520022302866, 0.011231960728764534, 0.01102797593921423, 0.010831746272742748, 0.010666263289749622, 0.010515779256820679, 0.010392683558166027, 0.010288807563483715, 0.010184956714510918, 0.010093416087329388, 0.010004483163356781, 0.009929386898875237, 0.00986835453659296, 0.009809654206037521, 0.009753342717885971, 0.009699343703687191, 0.009644205681979656, 0.009594114497303963, 0.009553622454404831, 0.009519321843981743, 0.009485556744039059, 0.009449617005884647, 0.009415646083652973, 0.009380326606333256, 0.009347302839159966, 0.009310322813689709, 0.00926930271089077, 0.00923631526529789, 0.009201651439070702, 0.0091661112383008, 0.00910340528935194, 0.009086161851882935, 0.009012718684971333, 0.009146369993686676, 0.008997774682939053, 0.008987870998680592, 0.008851737715303898, 0.009201901964843273, 0.00889184232801199, 0.009202682413160801, 0.008898870088160038, 0.00875614583492279, 0.008711506612598896, 0.008650027215480804, 0.008982839994132519, 0.008639151230454445, 0.009034530259668827, 0.009711217135190964, 0.009240040555596352, 0.009076542221009731, 0.008951473981142044, 0.008872716687619686, 0.008806508034467697, 0.00876370258629322, 0.008701490238308907, 0.008641406893730164, 0.008581765927374363, 0.008495804853737354, 0.008411580696702003, 0.008311855606734753, 0.008172840811312199, 0.008063770830631256, 0.007973638363182545, 0.007872361689805984, 0.007790063973516226, 0.007721967063844204, 0.007659374736249447, 0.007566830143332481, 0.0074967690743505955, 0.007440404500812292, 0.007423122879117727, 0.007336831651628017, 0.007282018195837736, 0.007251332979649305, 0.007242228835821152, 0.007231655064970255, 0.007290198467671871, 0.007331660948693752, 0.007307811174541712, 0.007255623582750559, 0.007178507279604673, 0.007101189810782671, 0.006985647138208151, 0.006984686013311148, 0.006967719178646803, 0.006985051557421684, 0.006992305628955364, 0.007036214228719473, 0.007058881223201752, 0.006992810871452093, 0.006887589115649462, 0.006849917583167553, 0.006759899202734232, 0.006730910390615463, 0.0066343569196760654, 0.006610000040382147, 0.0065893069840967655, 0.006491836626082659, 0.006370803341269493, 0.006312960293143988, 0.006222846452146769, 0.006201198790222406, 0.006214230787009001, 0.006185789592564106, 0.006129904184490442, 0.0060960110276937485, 0.006084894295781851, 0.006059581879526377, 0.0059900665655732155, 0.005980844143778086, 0.005947256926447153, 0.005967216100543737, 0.0058778333477675915, 0.005899170413613319, 0.0058430759236216545, 0.005883063655346632, 0.005754449870437384, 0.005747517105191946, 0.005728056188672781, 0.0056815617717802525, 0.005676483269780874, 0.00563130434602499, 0.005612266715615988, 0.005599520169198513, 0.005555728450417519, 0.005546155851334333, 0.00551504036411643]","[0.03371480479836464, 0.030069148167967796, 0.026839977130293846, 0.022211095318198204, 0.018371721729636192, 0.01742538809776306, 0.017076916992664337, 0.01716489903628826, 0.01717797853052616, 0.016791734844446182, 0.01645848900079727, 0.016330748796463013, 0.016257451847195625, 0.01615547016263008, 0.0160407405346632, 0.015871906653046608, 0.015708215534687042, 0.015575972385704517, 0.01541503518819809, 0.015191887505352497, 0.014962154440581799, 0.014791864901781082, 0.014637119136750698, 0.014292367734014988, 0.014232568442821503, 0.01419216301292181, 0.014172305352985859, 0.014108504168689251, 0.01405769120901823, 0.014034293591976166, 0.01398079376667738, 0.013866856694221497, 0.01379314810037613, 0.013711933046579361, 0.013683984987437725, 0.013639853335916996, 0.013614300638437271, 0.013559731654822826, 0.013538620434701443, 0.013432110659778118, 0.013382677920162678, 0.013329267501831055, 0.013344235718250275, 0.013282567262649536, 0.013228446245193481, 0.013242962770164013, 0.013260346837341785, 0.013214019127190113, 0.01316883321851492, 0.013075393624603748, 0.012959408573806286, 0.01287718117237091, 0.012812326662242413, 0.012634833343327045, 0.012595397420227528, 0.012459800578653812, 0.012845766730606556, 0.012569449841976166, 0.012623153626918793, 0.012468566186726093, 0.01234715711325407, 0.012201815843582153, 0.011448939330875874, 0.011769364587962627, 0.011780057102441788, 0.011585432104766369, 0.011594798415899277, 0.011119459755718708, 0.011310187168419361, 0.01334447879344225, 0.01098411250859499, 0.011301812715828419, 0.01161376852542162, 0.011939679272472858, 0.012219004333019257, 0.012348632328212261, 0.012494872324168682, 0.012448147870600224, 0.012283948250114918, 0.012446045875549316, 0.011957976967096329, 0.011415336281061172, 0.011295814998447895, 0.011226673610508442, 0.011123120784759521, 0.011246106587350368, 0.010955681093037128, 0.010680388659238815, 0.010307314805686474, 0.009985823184251785, 0.009819096885621548, 0.009627831168472767, 0.009579570032656193, 0.00981245655566454, 0.00959313940256834, 0.009543657302856445, 0.009535275399684906, 0.009274342097342014, 0.009221498854458332, 0.009103592485189438, 0.009265209548175335, 0.009326319210231304, 0.009143452160060406, 0.00898782629519701, 0.008648584596812725, 0.008551797829568386, 0.00843818299472332, 0.008313878439366817, 0.008323499001562595, 0.008299089968204498, 0.008317632600665092, 0.008432242088019848, 0.008431431837379932, 0.008717190474271774, 0.008276901207864285, 0.008092636242508888, 0.00859194528311491, 0.008773325011134148, 0.009379319846630096, 0.008824615739285946, 0.008730501867830753, 0.00899594184011221, 0.008607381954789162, 0.008210096508264542, 0.008060776628553867, 0.007367314305156469, 0.007929671555757523, 0.0076169236563146114, 0.007397408131510019, 0.00750172371044755, 0.007059187162667513, 0.007375313434749842, 0.007436120416969061, 0.007247732952237129, 0.007050278130918741, 0.006963999476283789, 0.006975884083658457, 0.00706500792875886, 0.006742014084011316, 0.006848662625998259, 0.006877129897475243, 0.00653814384713769, 0.006954553071409464, 0.007001137360930443, 0.006777800153940916, 0.007112016435712576, 0.0068541220389306545, 0.006758988369256258, 0.006963351275771856, 0.0069784424267709255]"
93,4,0.006874055895478481,0.8850649096689133,"[1.69645562e-02 1.32535595e-04 2.84004847e-04 4.08398970e-02
 6.22917298e-03 2.09084368e-01 8.08069524e-01 5.26781657e-01
 2.45493790e-01 8.23803393e-02 8.23614056e-03 3.61632839e-02]","[ 0.04015584  0.02519132  0.01656122 -0.02161521  0.03856092  0.28754804
  0.55130935  0.4964974   0.20483999  0.11108699  0.0212964   0.05772983]","[0.029394134879112244, 0.021250979974865913, 0.01893661916255951, 0.016618512570858, 0.01523631252348423, 0.014539377763867378, 0.014088173396885395, 0.013786735013127327, 0.013550948351621628, 0.013369442895054817, 0.01319153606891632, 0.013034496456384659, 0.01288630347698927, 0.012742978520691395, 0.012593310326337814, 0.012444019317626953, 0.012290879152715206, 0.012126346118748188, 0.011956237256526947, 0.011777046136558056, 0.011587688699364662, 0.011394037865102291, 0.011198367923498154, 0.011001327075064182, 0.01081113237887621, 0.010646581649780273, 0.010500125586986542, 0.010375483892858028, 0.010280621238052845, 0.0101931132376194, 0.010115201584994793, 0.010046055540442467, 0.009984903037548065, 0.009926587343215942, 0.009862092323601246, 0.009798596613109112, 0.00974997878074646, 0.00966230034828186, 0.00960538350045681, 0.009527903981506824, 0.009432275779545307, 0.009340368211269379, 0.009264195337891579, 0.009178057312965393, 0.009095004759728909, 0.00901813991367817, 0.008930074982345104, 0.008843165822327137, 0.008753634989261627, 0.00866824109107256, 0.008587304502725601, 0.008601691573858261, 0.008490916341543198, 0.008341455832123756, 0.008264239877462387, 0.008122802712023258, 0.008038372732698917, 0.00800416711717844, 0.00810522772371769, 0.008037296123802662, 0.008008264005184174, 0.00799597054719925, 0.008033237420022488, 0.008161417208611965, 0.00799610000103712, 0.007848127745091915, 0.0075625027529895306, 0.007859958335757256, 0.007455095183104277, 0.007269978988915682, 0.007177159655839205, 0.0071249231696128845, 0.007098638452589512, 0.007041147910058498, 0.006980182137340307, 0.006883628666400909, 0.006842100992798805, 0.006762423552572727, 0.006687466986477375, 0.006681540515273809, 0.006567907985299826, 0.006520139519125223, 0.0065023708157241344, 0.0065954700112342834, 0.006445087492465973, 0.006341574713587761, 0.00630930857732892, 0.006286179646849632, 0.006331561133265495, 0.006564903073012829, 0.006255782209336758, 0.006525194738060236, 0.006487829145044088, 0.006106217857450247, 0.006169858388602734, 0.00637329975143075, 0.00616399385035038, 0.006003586109727621, 0.00594279495999217, 0.005948704667389393, 0.0059075490571558475, 0.0058232927694916725, 0.005814756266772747, 0.005726305767893791, 0.00570890074595809, 0.005828033667057753, 0.005778927356004715, 0.005733773577958345, 0.006192781962454319, 0.006033351179212332, 0.005686806980520487, 0.005532457958906889, 0.005485284607857466, 0.005462537053972483, 0.005479165818542242, 0.00541699817404151, 0.005388779565691948, 0.0053575304336845875, 0.005475394893437624, 0.005639804992824793, 0.005644417367875576, 0.005731088109314442, 0.005437954794615507, 0.005358675494790077, 0.005303582176566124, 0.005212429910898209, 0.005202615167945623, 0.005164369009435177, 0.005179163534194231, 0.005197356920689344, 0.005259809084236622, 0.005132343154400587, 0.005134962499141693, 0.005148992408066988, 0.005091514438390732, 0.005141662899404764, 0.00508362939581275, 0.005139350425451994, 0.005099605768918991, 0.005355441011488438, 0.005416419822722673, 0.005230460315942764, 0.0056210835464298725, 0.005508933681994677, 0.005120184738188982, 0.005036468151956797, 0.005004432518035173, 0.004971015732735395, 0.0049791038036346436, 0.005005895625799894]","[0.0327221117913723, 0.02918308973312378, 0.024903709068894386, 0.020835479721426964, 0.019336294382810593, 0.018642306327819824, 0.01808885484933853, 0.01828877627849579, 0.017519081011414528, 0.017762264236807823, 0.01725185476243496, 0.017063075676560402, 0.016684478148818016, 0.01629612036049366, 0.015997065231204033, 0.015608268789947033, 0.01534031331539154, 0.014909789897501469, 0.01465389970690012, 0.014460758306086063, 0.01416595559567213, 0.013862398453056812, 0.013625488616526127, 0.013297413475811481, 0.013220841996371746, 0.013064387254416943, 0.01296201627701521, 0.012963433749973774, 0.01302399579435587, 0.013019315898418427, 0.012952227145433426, 0.01305382326245308, 0.01301399152725935, 0.013085521757602692, 0.013115846551954746, 0.013143524527549744, 0.013217233121395111, 0.01283736526966095, 0.01296947617083788, 0.0127815380692482, 0.012531157582998276, 0.012220161966979504, 0.012111901305615902, 0.012026292271912098, 0.012039601802825928, 0.012212633155286312, 0.012237000279128551, 0.012710419483482838, 0.012548483908176422, 0.012546462006866932, 0.012762181460857391, 0.01363056618720293, 0.013881531544029713, 0.01366895716637373, 0.014003650285303593, 0.013451152481138706, 0.01326709520071745, 0.013091021217405796, 0.013784021139144897, 0.01387825608253479, 0.014456567354500294, 0.014992744661867619, 0.015968015417456627, 0.015667546540498734, 0.013884566724300385, 0.013496358878910542, 0.01325135212391615, 0.013741648755967617, 0.013113527558743954, 0.012602128088474274, 0.012436218559741974, 0.012826678343117237, 0.013050639070570469, 0.012788243591785431, 0.012794479727745056, 0.012198947370052338, 0.012241284362971783, 0.011783760972321033, 0.011748994700610638, 0.01120134349912405, 0.011431892402470112, 0.011181379668414593, 0.010909582488238811, 0.010585837066173553, 0.01043305266648531, 0.010453819297254086, 0.010808267630636692, 0.010842978022992611, 0.01149217039346695, 0.010870988480746746, 0.010829529725015163, 0.012567969970405102, 0.010380137711763382, 0.009873203001916409, 0.010696083307266235, 0.010792174376547337, 0.010147632099688053, 0.009445520117878914, 0.009055688045918941, 0.00888929981738329, 0.00891840923577547, 0.008773940615355968, 0.00848020613193512, 0.008818325586616993, 0.008228784427046776, 0.008745168335735798, 0.008296034298837185, 0.008488070219755173, 0.007845408283174038, 0.007532492280006409, 0.007808373775333166, 0.007626902312040329, 0.007610949221998453, 0.007928556762635708, 0.008125833235681057, 0.007857289165258408, 0.007804818917065859, 0.007470123469829559, 0.007659671362489462, 0.0072822957299649715, 0.008287050761282444, 0.007929091341793537, 0.007097309920936823, 0.0073965066112577915, 0.0075399912893772125, 0.007393894251435995, 0.007410639431327581, 0.00760071724653244, 0.007535228040069342, 0.0076142605394124985, 0.007680689450353384, 0.0075546675361692905, 0.007265875115990639, 0.007372578140348196, 0.00730448542162776, 0.007188045885413885, 0.007205790374428034, 0.00698176259174943, 0.007095822598785162, 0.006891332566738129, 0.007429745048284531, 0.007243581581860781, 0.008018038235604763, 0.0071387081407010555, 0.0071874819695949554, 0.006793556269258261, 0.0069866664707660675, 0.00696101738139987, 0.007073694374412298, 0.006821843329817057]"
