t,accuracy,precision_avg,recall_avg,f1_avg
0.0,0.379713550600343,0.17969475121168954,0.18439961618900477,0.14007878217818442
1.0,0.3646946826758148,0.17703234299215953,0.1866138698822092,0.13808727011401215
2.0,0.2913533447684391,0.16954290386610718,0.18393422790469693,0.1270386373774354
3.0,0.3165728987993139,0.17266210229212117,0.18874640571668472,0.13069288861119854
4.0,0.3746500857632933,0.1779320451971101,0.18488285227111187,0.13725934137538887
5.0,0.29926586620926243,0.16568950591024972,0.18370884932541198,0.12677791651486645
6.0,0.3166329331046312,0.16684017050407868,0.18692403496418425,0.12937260965398564
7.0,0.33019554030874787,0.1709830066932973,0.18921746131985792,0.13201052187164686
8.0,0.3063053173241853,0.16791632668746617,0.1831047338716093,0.127746415620249
9.0,0.2848404802744425,0.16571676568964366,0.18551508976439293,0.12357010696383278
10.0,0.30746998284734134,0.1686643031237105,0.18991903626338166,0.12870859258579356
11.0,0.35513893653516293,0.175485821769955,0.1884527170415248,0.13613665337116806
12.0,0.3516449399656947,0.1737236314997074,0.18796331995395327,0.1359284107514884
13.0,0.30157461406518005,0.1686879170650032,0.1885178388406405,0.12744151046848035
14.0,0.308770154373928,0.1688616554080764,0.19041393758751218,0.12818523965979803
15.0,0.30317667238421964,0.16928495584735542,0.18754762844423398,0.12793920478860407
16.0,0.30521612349914234,0.16836858017136172,0.18350911012780263,0.12842469085896602
17.0,0.28847855917667237,0.16699986436260178,0.187184715907195,0.12532775555975173
18.0,0.312672384219554,0.17187094425920457,0.18648059791184443,0.1300456051818805
19.0,0.29373070325900513,0.16878758806508914,0.18731317035453515,0.12684207029173153
20.0,0.299401372212693,0.17276707110194134,0.18513540073261334,0.1290463850606859
21.0,0.3037324185248714,0.16837933214676193,0.1890309466850364,0.12732805256326432
22.0,0.29730188679245284,0.16152065465663332,0.18738796572887503,0.12524253824364365
23.0,0.4722401372212693,0.20222399611832717,0.20124088756453049,0.1625235057156363
24.0,0.3103979416809606,0.1708840973940803,0.18986396139628672,0.12921840539240745
25.0,0.2828765008576329,0.164471294515524,0.18498205048754665,0.12284772446723051
26.0,0.32584219554030874,0.17117625811338893,0.19026736948182277,0.13138788370558308
27.0,0.28142367066895374,0.1677045081305732,0.18826396900610481,0.12282295673578493
28.0,0.2814322469982848,0.16624752785481547,0.18805300818224413,0.12258099710461146
29.0,0.29238765008576323,0.16759713886803054,0.18996600594217333,0.12552363341455985
30.0,0.3141114922813036,0.1714936845482321,0.1885054441836925,0.12979848278871167
31.0,0.3106123499142367,0.1694631419270242,0.18895266222262214,0.12984226362758136
32.0,0.36309777015437394,0.17672252322616472,0.18604734489774388,0.13710634372616606
33.0,0.32328987993138936,0.16990206669650085,0.1891683732542275,0.131563417864567
34.0,0.2985077186963979,0.1678067899697098,0.1869913621253421,0.12717490683023694
35.0,0.3905643224699828,0.1779820613751417,0.18262543159467623,0.13943460542915956
36.0,0.3429794168096055,0.1735405110024337,0.18882750744307825,0.13424617214665813
37.0,0.2870874785591767,0.1676479195798715,0.18771214139269699,0.12405883461819786
38.0,0.31202572898799313,0.16572766875138079,0.1900217553394063,0.12631743049294414
39.0,0.3095265866209262,0.17695743545865952,0.18681117892989713,0.12963052531455066
40.0,0.35091938250428817,0.17784247319383922,0.1854036425973342,0.13586429134297623
41.0,0.3113653516295026,0.17300759477540922,0.1850368784985677,0.13024901025734756
42.0,0.2793996569468268,0.16410777716634067,0.1856770337241595,0.12166494116165644
43.0,0.36640480274442533,0.17687740864500787,0.18650740075308792,0.13837716024425642
44.0,0.3065608919382504,0.1663764707133205,0.18932164730076925,0.12471359024826352
45.0,0.35638078902229847,0.17747713229256018,0.18659237507381476,0.13647569471879178
46.0,0.29595711835334476,0.16433359136253248,0.1905752707323706,0.12470372156348493
47.0,0.34820754716981134,0.17689615050829052,0.18579916898984414,0.13647575269751894
48.0,0.34439794168096055,0.17312858056552627,0.18775531539862045,0.1349941938906896
49.0,0.3135591766723842,0.17288329080097334,0.1869561734177722,0.13067536414052228
50.0,0.32772727272727276,0.1714855387016205,0.18991796942387357,0.13220280564906436
51.0,0.3763018867924528,0.17715608110154213,0.1857001389484807,0.13770315618222742
52.0,0.34879588336192113,0.17682869063425538,0.1862764834415903,0.13587942231452912
53.0,0.2976981132075472,0.1686583594972471,0.1870744319403536,0.12617151985132094
54.0,0.29684391080617495,0.16386546859533999,0.1835566745283269,0.12433994436613917
55.0,0.2945677530017153,0.16613734244487482,0.18763123052488953,0.12621591900134835
56.0,0.31212349914236703,0.16858328134950876,0.18904391545539148,0.12943394091397117
57.0,0.4767650085763293,0.20113074333904557,0.20031926645480222,0.16349034515259359
58.0,0.3178096054888508,0.17056706682153133,0.1915231228188307,0.12912700516767323
59.0,0.3040840480274442,0.17111940889714297,0.18661970298192546,0.1278295020623818
60.0,0.32286106346483706,0.1708574115235346,0.1899775345712001,0.1311684280663698
61.0,0.2863859348198971,0.17103641521032978,0.18841896992725032,0.12534502508075537
62.0,0.29228473413379075,0.16498134192442324,0.19086198396392556,0.12490179429904935
63.0,0.3208765008576329,0.17149740628663313,0.18856030946746646,0.13177807590091029
64.0,0.35858319039451114,0.17800730049586935,0.18717904501885715,0.13762315812661668
65.0,0.2923156089193825,0.16894908043177015,0.1857866665450454,0.12641758279241724
66.0,0.3415180102915953,0.17225851431807002,0.1876566540689579,0.132004496295214
67.0,0.3369159519725557,0.17131211688351017,0.18823072960226558,0.13410222002762948
68.0,0.28270840480274445,0.16855400197154524,0.1877382694626102,0.12315538616557035
69.0,0.3486020583190395,0.17668764784081215,0.18583294447315615,0.1364873714889755
70.0,0.31810634648370495,0.17316366544702108,0.18643641968637023,0.13105460651509607
71.0,0.2905437392795884,0.16809909945931015,0.18798552872832025,0.12486090598746148
72.0,0.35158662092624354,0.17678222322675066,0.18571035245586218,0.1368996596142073
73.0,0.2793464837049743,0.16846988196249044,0.18649262874177888,0.12275209592888357
74.0,0.32370840480274443,0.17019074102233986,0.18852724055650782,0.130697099694141
75.0,0.30531903945111494,0.1707208123243853,0.18663958941594555,0.1288663122829804
76.0,0.303819897084048,0.16995394332465408,0.18932443592498469,0.1277255294895305
77.0,0.35681475128644946,0.17526669497346664,0.18688730941695098,0.13383931116436643
78.0,0.3574185248713551,0.17703007468815354,0.18683575810110967,0.1374127395202386
79.0,0.3556740994854203,0.17472203010235698,0.18675535011326125,0.13553737552466974
80.0,0.32900686106346483,0.1712852739913654,0.19038361813489105,0.1312036483302916
81.0,0.3109691252144082,0.17283503036121844,0.18445618831608687,0.1300819409188038
82.0,0.2860960548885077,0.16452453778329715,0.1849136563242079,0.12431407546882925
83.0,0.28314751286449397,0.1646077806379587,0.18688117502253754,0.12206516163735953
84.0,0.37556432246998284,0.17780235572345976,0.1849315848221635,0.13743813155561468
85.0,0.3005780445969125,0.16757429690419146,0.19036350620960604,0.1270456220053648
86.0,0.35295368782161235,0.17642567145661237,0.1872759347744487,0.13584952871764783
87.0,0.2864614065180103,0.165457757796086,0.18886038413266512,0.12275610393288296
88.0,0.32074614065180107,0.17611301616324027,0.1886234984555223,0.13092791040524837
89.0,0.3074545454545455,0.16853498195042646,0.1885516891115902,0.12835928408749414
90.0,0.35396740994854203,0.17132930863576512,0.18715950862193048,0.13440573779312578
91.0,0.2980497427101201,0.16925970721125452,0.1863689219191426,0.1271914869684793
92.0,0.47511835334476843,0.20054840548711625,0.20112351019622837,0.16134631330092716
93.0,0.36875986277873074,0.17911372584707924,0.1854890902472901,0.13811655392824534
94.0,0.29867753001715264,0.1698926663289413,0.18898021700359174,0.1271655711743434
95.0,0.3134631217838764,0.16944626409935926,0.1888608050556539,0.12898428626474026
96.0,0.27899485420240144,0.1619613967826718,0.1865834606853841,0.12161719967235238
97.0,0.3514579759862779,0.17657383329577028,0.18651495285100905,0.13512480434737897
98.0,0.31404459691252146,0.16848622538518526,0.1903067603716097,0.1286560859202772
99.0,0.2844545454545455,0.16397949720409258,0.18982209850197343,0.12242848741399828
100.0,0.2963344768439108,0.16848321321948084,0.1891056592686203,0.12585710607028402
101.0,0.28387478559176665,0.16509756183368535,0.19117482309342756,0.12296453944515619
102.0,0.3115797598627787,0.16863428040881054,0.19024150881237417,0.12912135429113142
103.0,0.3222195540308748,0.17096690470808995,0.18799858840326575,0.13069414053302547
104.0,0.36163121783876506,0.17283710891831963,0.18536489281302856,0.1325429007208757
105.0,0.33159691252144086,0.17146216392974145,0.19032563177373202,0.1318494389793616
106.0,0.37768096054888506,0.17915809219111456,0.1853670112634861,0.13914945642770357
107.0,0.27671183533447685,0.1656572075614571,0.18264597525960014,0.12170104842580422
108.0,0.2942744425385935,0.165086246810635,0.18568624168418738,0.12558180416579595
109.0,0.3532607204116638,0.1761306341820732,0.18650092501302667,0.13638816855747332
110.0,0.3020017152658662,0.16995759030085422,0.1901001635585208,0.12651800554317164
111.0,0.33034476843910804,0.1693603783927545,0.18913082599753353,0.13203595494177747
112.0,0.28000857632933107,0.16140580169854013,0.18789157121336061,0.12155836690181487
113.0,0.28673241852487136,0.161002481618863,0.18779160088854074,0.12134453534333284
114.0,0.345893653516295,0.17506803525360845,0.18750129300066937,0.13555518011155135
115.0,0.3579005145797599,0.17534214637370438,0.18724126322780557,0.1371173522054912
116.0,0.3263619210977702,0.17202514010862732,0.19097312963433297,0.1308852384029609
117.0,0.4835626072041166,0.2015314845404486,0.20110471957330128,0.16581607075652138
118.0,0.27964150943396227,0.16736228091582298,0.18800321390376848,0.12341434534757738
119.0,0.3631012006861064,0.1747254189119671,0.18710647354566481,0.136503695365457
120.0,0.36716638078902225,0.17531356322195973,0.18621064357726977,0.13533414333004537
121.0,0.31449914236706683,0.16989296672420387,0.18965290664806111,0.1298701941049023
122.0,0.38936363636363636,0.177446798228332,0.1831489953626013,0.13761710143930914
123.0,0.33528473413379073,0.1702160349849315,0.18839552399083567,0.1320942280200015
124.0,0.37564322469982847,0.17606096299360433,0.18567598545472683,0.13657218681476463
125.0,0.3364048027444254,0.17572820029152475,0.18727897654407633,0.13432972737239707
126.0,0.31798799313893655,0.17192238691768716,0.18822289463246503,0.1302563511384508
127.0,0.310967409948542,0.16906620716779816,0.18929844103324284,0.12870900518669515
128.0,0.290229845626072,0.16697470538984055,0.18307867741813663,0.12513274296566915
129.0,0.3149125214408233,0.17305800715122882,0.19011833216616947,0.13017492911564812
130.0,0.35091766723842194,0.176360882966909,0.18739439526771115,0.13593353399101551
131.0,0.28417667238421956,0.16459375033577667,0.1843587309057847,0.12363187768254827
132.0,0.2858061749571184,0.16383622876516074,0.18446258947740335,0.12408926516930924
133.0,0.337065180102916,0.1749632465935152,0.18696240945453638,0.13256410543053107
134.0,0.29604459691252144,0.17030950902933056,0.1868119289472371,0.12708091745007782
135.0,0.3729468267581475,0.17803966126437917,0.18579060912342196,0.1377517228031165
136.0,0.3258662092624357,0.1736313734969905,0.18898610530593316,0.1317391431361131
137.0,0.4771801029159519,0.20424056433027318,0.20285435860611783,0.16673622266637317
138.0,0.33156775300171526,0.17404927321472557,0.18808948590999133,0.13330890190098518
139.0,0.3168164665523156,0.17201841248903843,0.18887778999384414,0.12881437655472688
140.0,0.3209073756432247,0.1730177246217257,0.18787884499140062,0.13192103527823337
141.0,0.3035008576329331,0.16927305428834052,0.18844706169664693,0.12861239362580015
142.0,0.3286003430531732,0.17351400618533386,0.1878968294314723,0.132573040784437
143.0,0.28190737564322466,0.1689441322281387,0.18490138281618265,0.12420194103263543
144.0,0.4668627787307033,0.20390381714760453,0.20348338266071142,0.16441499266010307
145.0,0.29381646655231564,0.16962192920814778,0.18562835274448095,0.12651001415246083
146.0,0.3100548885077187,0.17013254991168883,0.18922142465335298,0.1286551040965661
147.0,0.2859279588336192,0.16535757949322544,0.18662668618307374,0.12306597496481635
148.0,0.28159519725557464,0.17153349400053788,0.1884772246953016,0.12359475422986643
149.0,0.28318696397941684,0.16671746699965126,0.18862863297736868,0.12297083578655703
150.0,0.2863825042881647,0.16807802386004442,0.19043888662016775,0.12389320990816609
151.0,0.31009090909090914,0.17223453485371557,0.18567690399854142,0.12937127525843375
152.0,0.28299656946826757,0.16838425069602703,0.18557289266575228,0.12425836707178498
153.0,0.29721440823327616,0.17047508242017306,0.18578089928411654,0.12637875899977893
154.0,0.2814168096054888,0.16758153865849384,0.18910790303915895,0.12345868848125657
155.0,0.3070600343053173,0.16583985159261802,0.19029737522839765,0.12531845131974062
156.0,0.3737821612349914,0.17633504498785077,0.18617850408908862,0.1364782415600745
157.0,0.3541029159519725,0.17404994425004794,0.18806408847598238,0.1361435442973254
158.0,0.33200857632933106,0.17053231201141048,0.18906897255068258,0.13216454917283244
159.0,0.3018164665523156,0.16653162363082147,0.19114991613668944,0.1263033667667181
160.0,0.3061200686106346,0.16730668197241377,0.19065844978380925,0.12759258832011708
161.0,0.29874957118353346,0.1658485942873566,0.18920117368910366,0.12624134443515017
162.0,0.32644596912521434,0.17857760347530227,0.18214081126015083,0.13408738798680161
163.0,0.3158679245283019,0.17175639529356962,0.1910128401718531,0.12963991421610957
164.0,0.3940840480274443,0.1770032304942586,0.18173074400079872,0.13895139078526272
165.0,0.2967307032590052,0.1700441241371833,0.18862478476861927,0.12725459282348137
166.0,0.30095197255574613,0.16995603699931497,0.18772326630583772,0.1276363716321971
167.0,0.3355025728987993,0.17282693784273725,0.18831040018871822,0.1326918533618287
168.0,0.3033807890222985,0.16793416260688432,0.187948074746959,0.12826796400739132
169.0,0.32046140651801036,0.17517317534847837,0.18522507618551556,0.13255089882583426
170.0,0.2932538593481989,0.16696285180652284,0.1874029890755556,0.12634935242567225
171.0,0.27872212692967413,0.16364731483926165,0.18503354223297552,0.1219922318100914
172.0,0.35688164665523153,0.17898569415345925,0.18643673313456216,0.13617529298334588
173.0,0.3415300171526586,0.17290859776458553,0.18818142047089517,0.13447074565662223
174.0,0.29828816466552316,0.1638946907137935,0.18995837159168685,0.12299592041492016
175.0,0.3427855917667239,0.17416111714128615,0.18876696699672776,0.13512243433329024
176.0,0.3170068610634648,0.1713449707016566,0.1885708800156498,0.129037142158213
177.0,0.3092504288164665,0.16781974667376312,0.1903103959613212,0.12715852148661744
178.0,0.29386106346483704,0.16948572854097238,0.18454739349383453,0.1267227261244098
179.0,0.3692178387650086,0.17751205916907584,0.1857500516300396,0.1388491538448879
180.0,0.3572795883361921,0.1755388044081139,0.18695928905925713,0.13436960430807943
181.0,0.35146655231560897,0.1750631822809797,0.18642115220682662,0.13582105346965978
182.0,0.3391012006861064,0.17357222006454123,0.18143408917836354,0.133374524728729
183.0,0.33472898799313894,0.17063605263341633,0.1885864195340158,0.1336439676340477
184.0,0.33359005145797593,0.17545312907423888,0.18566075615015654,0.13437462498670125
185.0,0.3012264150943396,0.16406729127607797,0.18956222283581742,0.12476657202226485
186.0,0.363401372212693,0.1812357721572699,0.1852480059636783,0.13736668993900514
187.0,0.30189022298456264,0.16763684565073672,0.1911481747499499,0.12624572838217935
188.0,0.3059691252144083,0.17225736398906674,0.18873508748583356,0.12827486831657997
189.0,0.3135626072041166,0.1716699699990362,0.18667763294285464,0.12951047103333593
190.0,0.30132418524871357,0.16788277708901386,0.1899985089170802,0.12752646984309815
191.0,0.38202915951972555,0.1784141705704133,0.183729502789473,0.13822033248019408
192.0,0.31742710120068607,0.17018585962100366,0.18587840983369341,0.13087739700339213
193.0,0.3416329331046312,0.17755061000618594,0.18528860366173291,0.13584350938354972
194.0,0.3482024013722127,0.17310104979826388,0.18828223704679442,0.13426296622186842
195.0,0.2778370497427101,0.16343578955166424,0.18356704110621558,0.1218468259706354
196.0,0.3160994854202402,0.1696384536218751,0.18617241640356796,0.12870708214346235
197.0,0.2869433962264151,0.16558821699124335,0.18826843470958118,0.12431472556101868
198.0,0.28802058319039453,0.1658999545367548,0.18939472995241913,0.1253165720635839
199.0,0.29587135506003437,0.16570218293699998,0.18721238980461635,0.12654011062773846
200.0,0.30567409948542024,0.16797978518935996,0.18803945733941324,0.12856708189774138
201.0,0.3303825042881647,0.1724958972382429,0.18715627182132347,0.1323300915370637
202.0,0.3124528301886793,0.17078972187471356,0.18962096321990052,0.12897829242488532
203.0,0.3077101200686106,0.1748248940603068,0.1854011512558698,0.12887791472631657
204.0,0.31300171526586623,0.17555887988372149,0.18675414526926415,0.12975633073971898
205.0,0.2990034305317324,0.16927042564800535,0.1874965328866445,0.12795190738902848
206.0,0.3225797598627787,0.17511664006378125,0.18708104134916287,0.13193206965782794
207.0,0.28996740994854203,0.16478737798003215,0.1898586114359908,0.12476728104514663
208.0,0.3443396226415094,0.17430347299037102,0.18856991690812153,0.1342088753344601
209.0,0.2996483704974271,0.16790682446196603,0.18403752042528504,0.12691060012063832
210.0,0.310926243567753,0.1703228634507036,0.1898447613937772,0.12862986220356076
211.0,0.3006072041166381,0.1671764651099095,0.18191397264922432,0.12666175343587038
212.0,0.30970668953687824,0.17221712747034013,0.18839310739050683,0.12958582248133324
213.0,0.3619090909090909,0.1742518255692004,0.18646409840898023,0.1355959714728074
214.0,0.2904185248713551,0.1694493313392267,0.188015731526197,0.12566244543999938
215.0,0.285852487135506,0.1701000349526085,0.1869100191817745,0.12557058912422522
216.0,0.31908747855917663,0.17108882963479174,0.1903176498896613,0.13027057269499884
217.0,0.4643996569468268,0.20285076563963217,0.20330123163597028,0.16272509035972485
218.0,0.35439451114922815,0.17261463027249754,0.18776300601763915,0.13491079360922986
219.0,0.2891149228130361,0.1678638255777812,0.18770519035453712,0.1253821650903158
220.0,0.3195214408233276,0.17057102521422599,0.18596809104414794,0.1311595656579804
221.0,0.30441852487135507,0.17194191762943112,0.1856506547742009,0.12879909259162003
222.0,0.3247358490566038,0.1712468138224808,0.19068428458502942,0.130935263030206
223.0,0.3114957118353344,0.1690740158856781,0.18378664135507644,0.12909416188257458
224.0,0.30305660377358484,0.1663856938350882,0.18641717464436067,0.12617810169664628
225.0,0.2869811320754717,0.16677239738367602,0.18340258510844215,0.12443809104137715
226.0,0.34581989708404803,0.17695866736923557,0.18610080455056602,0.13493042388833032
227.0,0.3078147512864495,0.16995854073636804,0.18685437104500022,0.12935991464034674
228.0,0.2825780445969125,0.16583681236556874,0.19136892890545734,0.12157503194462785
229.0,0.3319296740994854,0.17024636571493185,0.18884262659477868,0.13146977946249477
230.0,0.3009502572898799,0.16834849894493448,0.18929043365204623,0.12598554709084972
231.0,0.338926243567753,0.17150315590465426,0.18793388981970985,0.13411016969627973
232.0,0.2830720411663808,0.1620651933140176,0.18747606592610983,0.12175702094018115
233.0,0.3519125214408233,0.17416131753198566,0.18824060619265023,0.13552260474637012
234.0,0.32836363636363636,0.16870424282885582,0.18995426674324306,0.13091353890541926
235.0,0.3674030874785592,0.17694237578743824,0.1873308664111412,0.1380303468825083
236.0,0.2993636363636364,0.1682207293250623,0.1898038386108418,0.1255850879881187
237.0,0.2808507718696398,0.16831105253683837,0.1876835849234984,0.123429924128587
238.0,0.2984854202401373,0.17005193304691302,0.1830903023289672,0.1276366457492696
239.0,0.3193379073756432,0.17041449623847324,0.1904850363863193,0.12999159105503705
240.0,0.3275934819897084,0.1711364255107763,0.19048875865059298,0.13131623063872147
241.0,0.2937564322469983,0.16565372423253677,0.19053941162428414,0.12549793244139087
242.0,0.3119159519725557,0.17059560278866764,0.18718816398225294,0.13022836457765358
243.0,0.3597444253859349,0.1756699082530929,0.18758943474733247,0.13624102926190676
244.0,0.306566037735849,0.1683223839128292,0.19052940511593539,0.1282306700649845
245.0,0.3060823327615781,0.16869826612893996,0.19074778274498383,0.12831975425627262
246.0,0.3007238421955403,0.16621260774094662,0.18228202666819765,0.12550493667309584
247.0,0.3028559176672384,0.1692484099148947,0.18849712296829912,0.127717957738847
248.0,0.3148627787307033,0.17174229395771465,0.1901637735249987,0.1301086201846408
249.0,0.35394511149228136,0.178941073151848,0.18699162510390469,0.13637428503108398
250.0,0.28804974271012007,0.16710772127110654,0.18913574400001776,0.12483239393194313
251.0,0.33665866209262435,0.17686833548644074,0.18623838483056757,0.13448137511121813
252.0,0.34358662092624354,0.17386876908332458,0.18833653121858987,0.13436537347095406
253.0,0.3096449399656947,0.17288586123202637,0.1882455512932619,0.12994355230361146
254.0,0.32934305317324186,0.17130214176192837,0.1891824686841276,0.13231999866846153
255.0,0.3366706689536878,0.1698171570313663,0.18887653200780238,0.13318531875582817
256.0,0.29964665523156087,0.16927958174118285,0.18703093920275038,0.12772323734674054
257.0,0.31946140651801025,0.17115193220854064,0.19013499004660855,0.1298285432230299
258.0,0.296336192109777,0.16660270643280517,0.18764880761236732,0.12643783071860953
259.0,0.36699485420240135,0.1756389862349173,0.1869077925430331,0.13777404330631765
260.0,0.28230703259005147,0.16474256144784055,0.18862668534807006,0.12257757963046033
261.0,0.2800205831903945,0.16716806589310992,0.1886872424587087,0.12273429779450547
262.0,0.2867066895368782,0.1655840208390184,0.1906385977967472,0.1236694107381621
263.0,0.3468421955403088,0.17539697874246446,0.1879128603834195,0.13492818182291058
264.0,0.33819382504288165,0.17117573378283546,0.1885602775506367,0.13346019629992065
265.0,0.5098885077186963,0.19574780216714618,0.19656596799171325,0.16332319406207435
266.0,0.29295368782161235,0.1674218015207283,0.18922608516273426,0.12473854398894121
267.0,0.33181646655231567,0.17465141091596523,0.18652887263915016,0.13331564303185575
268.0,0.28175643224699826,0.16641109587468583,0.18791316827630192,0.1237112398379606
269.0,0.30922641509433957,0.17189713030737283,0.1855235456630752,0.13046532108618208
270.0,0.4802538593481989,0.20157650860181864,0.20044577083329176,0.1645409973510068
271.0,0.32276329331046316,0.16978945954079455,0.19080350295352355,0.13030278964507594
272.0,0.3260806174957119,0.17517095196850724,0.18834682915550433,0.13220596746685623
273.0,0.292885077186964,0.16460365943632826,0.19078716649667377,0.1238337746494984
274.0,0.295303602058319,0.1700871872113162,0.18764841815944944,0.12637712970731854
275.0,0.30011320754716986,0.16416564473753065,0.19014339527888394,0.12497591728387991
276.0,0.3227632933104631,0.17134598119335856,0.1898488258572259,0.13113969559858166
277.0,0.32469811320754716,0.17639223745641977,0.18692513460668345,0.13262536099244096
278.0,0.3534957118353344,0.17714542008343256,0.185193311598764,0.13453517170846213
279.0,0.285663807890223,0.16449958462313102,0.1831874943056631,0.12291038102972805
280.0,0.2837427101200686,0.166711555690014,0.18706722623127967,0.12412761432512122
281.0,0.3667855917667238,0.17341014493935125,0.187218471334301,0.13613385165745398
282.0,0.2990171526586621,0.17129168233970596,0.18643667351148432,0.12771631826984053
283.0,0.3148267581475129,0.16968959113434995,0.1915118820338534,0.12827319195277706
284.0,0.34656432246998287,0.1748587502844203,0.18817583173087618,0.1352310400892619
285.0,0.32916466552315615,0.1738058011094213,0.18552658661534763,0.133453109356664
286.0,0.32140651801029163,0.1778263818721894,0.18690090871820378,0.1319446069264642
287.0,0.285368782161235,0.16791393016259729,0.1855425073168783,0.12464093956196055
288.0,0.3184511149228131,0.1712557108747504,0.18932067693306814,0.13056205287167916
289.0,0.32127615780445967,0.16866927525810427,0.1855239034622629,0.1303578281525684
290.0,0.34102401372212693,0.17231604739120593,0.18925650115184547,0.13381396313425142
291.0,0.3060960548885077,0.16819597924932733,0.18912429289371221,0.12857341313231277
292.0,0.28376843910806177,0.1631128243703468,0.1858491276772109,0.12248854248345008
293.0,0.28650600343053173,0.16946373478482968,0.18784541919697192,0.12355843730927563
294.0,0.3165128644939966,0.17161531478031458,0.18917193933851614,0.1302393734506353
295.0,0.32485420240137214,0.17498865372159708,0.18737016879107996,0.13248616460798127
296.0,0.3673379073756432,0.18108217383955225,0.18395926621388456,0.13758116923476116
297.0,0.3087873070325901,0.1662238979724542,0.19013521600881983,0.12702070436312007
298.0,0.33683704974271017,0.1739717406283608,0.18735719229716255,0.13471775430681301
299.0,0.34063807890222986,0.17242665785126168,0.18897366417744535,0.13387390858788276
300.0,0.32416295025728986,0.17158755119826025,0.18885151356123955,0.1316957701936485
301.0,0.31073584905660373,0.16674724915683897,0.18999018588504332,0.1278214284216408
302.0,0.29236535162950256,0.16829010350222465,0.1838982563960583,0.12572456281557784
303.0,0.35057118353344774,0.17387787399395194,0.1883424776881842,0.13456245010375698
304.0,0.28788679245283016,0.16995538380041733,0.18836593732998635,0.12598829510646015
305.0,0.34967924528301886,0.17280730418964407,0.18657560879969515,0.13410626945147106
306.0,0.30284562607204113,0.1692691538932694,0.18360678070467226,0.12717537253087594
307.0,0.2894631217838765,0.16239256007281516,0.18732023308403906,0.1235267196788984
308.0,0.3663138936535163,0.1766246098630632,0.18598939218416752,0.1377307586536442
309.0,0.2948730703259005,0.1630214827829573,0.18516576857374076,0.12513153635790486
310.0,0.2865626072041166,0.16657951527829307,0.19001975069940796,0.12448342131423441
311.0,0.2863224699828473,0.16767852853881696,0.18924788378600146,0.12452887872185994
312.0,0.27953173241852486,0.15999584527859814,0.1862186700152717,0.12173254191622737
313.0,0.3006586620926244,0.1691586169975006,0.18949189602500713,0.1265766947711696
314.0,0.2864768439108062,0.1690624087295486,0.18825522311279058,0.12501921664869498
315.0,0.29539794168096056,0.16325618775251005,0.19079190420752826,0.12374095162120598
316.0,0.2842041166380789,0.16475335946466718,0.18527686531401708,0.1224853881299544
317.0,0.3021509433962264,0.1670625244384273,0.18801065206247264,0.12772002523987555
318.0,0.3433653516295026,0.17710355757353916,0.18701150564273566,0.13476473417524693
319.0,0.49746826758147517,0.19668647081803578,0.19728183874517538,0.16335928336278407
320.0,0.3395506003430532,0.17134008623235109,0.18828808966157512,0.13411260554016058
321.0,0.2878593481989708,0.16588435367433832,0.18905843651893434,0.12403776190520387
322.0,0.295197255574614,0.1660798767105169,0.19141300670973005,0.12404537901140598
323.0,0.2908250428816467,0.16046070281024852,0.1866405416899907,0.12425912947595517
324.0,0.29872727272727273,0.17010829545395564,0.18560098683713439,0.12759648017792832
325.0,0.31776329331046316,0.1677506490771907,0.1866264512003662,0.12990690908728247
326.0,0.29495368782161235,0.17290554863270394,0.18644319070473397,0.12719047883212684
327.0,0.34806003430531735,0.17388945076916099,0.1884524451304202,0.1355246336869352
328.0,0.4718404802744425,0.20617773995351235,0.20305227470067688,0.16637697774131324
329.0,0.33544768439108064,0.17140178968417444,0.1894181644566183,0.13339295346466853
330.0,0.3234391080617496,0.17463821922781847,0.18814968857308975,0.13258810114488298
331.0,0.3817204116638079,0.17665215217352898,0.18362399875397123,0.13815023148984198
332.0,0.2960874785591767,0.16338004989196908,0.18372233769398266,0.1256934335965572
333.0,0.28072212692967413,0.16578400862926682,0.18821098640938785,0.12344443975286817
334.0,0.307483704974271,0.1695422388615312,0.1891471761213179,0.12846909111703828
335.0,0.29787135506003426,0.16451425173386464,0.18401989607788227,0.12468285632698098
336.0,0.3261732418524872,0.1728002344023846,0.18797207503463312,0.13083272721961858
337.0,0.3319296740994854,0.17109402528409953,0.1871957239533254,0.13304840344879923
338.0,0.30659348198970837,0.16427836997363643,0.18695196878741235,0.1250808177303535
339.0,0.29303773584905657,0.16382584172247283,0.18455193380192478,0.12493005965572121
340.0,0.292869639794168,0.16585347705174458,0.18903184299499143,0.12461440000648738
341.0,0.3509416809605489,0.17600007307734825,0.18605152626326754,0.1363822993237713
342.0,0.33055060034305317,0.1695977470650176,0.18873586412004362,0.13189115049272954
343.0,0.33380960548885075,0.17148144546454763,0.18874971705345867,0.13347778188012607
344.0,0.30509262435677525,0.16638675547305481,0.19105400762891114,0.12621295976861036
345.0,0.356,0.1786080863361495,0.18782244096308578,0.13651617769782473
346.0,0.33896226415094344,0.1722961161621211,0.18777059693566225,0.134320981683143
347.0,0.28669125214408236,0.16236612942174947,0.18775161403906707,0.1229180707617801
348.0,0.3648181818181819,0.1746301981505609,0.18667161105440847,0.13444645667679073
349.0,0.305401372212693,0.17513791913406004,0.1834530050385354,0.12949523739707428
350.0,0.3080857632933105,0.1680391531987601,0.18199381338930842,0.12819161568262463
351.0,0.3028267581475129,0.1696656341351294,0.18864338780649936,0.12738885595818375
352.0,0.33720068610634657,0.1751684460470463,0.18667452296232823,0.13454416613342363
353.0,0.2953619210977701,0.16259627373937388,0.18658068324081262,0.12544175930449603
354.0,0.3341989708404803,0.17215912377259646,0.18667619017836398,0.13210404567764208
355.0,0.28162092624356777,0.16009537868730556,0.18616309654982535,0.12246927051909856
356.0,0.3436020583190395,0.17656179083701948,0.18450028526470433,0.13623901804011115
357.0,0.38746655231560884,0.17942105584394646,0.18190993891513896,0.13849891893414706
358.0,0.3314991423670669,0.17322396517668623,0.18843260526962002,0.13258149866074517
359.0,0.3332641509433962,0.17191165859770782,0.18766974307047468,0.13420900610509387
360.0,0.39375986277873076,0.17677178937973034,0.18205664035026456,0.1386219005521586
361.0,0.34105660377358493,0.17313497035218434,0.18786581449399783,0.13483525060816956
362.0,0.3724871355060034,0.17827249800059122,0.18656666295917457,0.13857512491402196
363.0,0.2942933104631218,0.16308503416179662,0.18691601135979305,0.12539258428469094
364.0,0.32876329331046317,0.17339042106412825,0.1867680910457916,0.13317843703128796
365.0,0.27784562607204116,0.16220691649557423,0.1850812628973291,0.12198973869540083
366.0,0.282631217838765,0.16487665174175428,0.1907332997603524,0.12296915269264423
367.0,0.27698627787307034,0.16495620192733298,0.18144668150158244,0.12188254663532434
368.0,0.28286277873070326,0.16241628798956295,0.1858873727715051,0.12306996854564374
369.0,0.32467409948542025,0.17394400998698478,0.18928277288595158,0.13168744710855065
370.0,0.32372727272727275,0.1709483091470036,0.18978252386821975,0.1317176683608721
371.0,0.3847478559176672,0.17908119582251042,0.1846755294888377,0.1398382618374589
372.0,0.33226243567753,0.17421863464792306,0.18702518405360502,0.13287261878947365
373.0,0.3000017152658662,0.1684325449939786,0.18915706509254696,0.12613648193207078
374.0,0.3190343053173242,0.17668422365002046,0.18634571914090833,0.1318552515581996
375.0,0.29007375643224703,0.1634663818075498,0.18623948504061474,0.12385193291077518
376.0,0.3402795883361921,0.17243486418997042,0.18747717409735565,0.13499993198085014
377.0,0.27718353344768437,0.166828595917545,0.1822866915756089,0.12346788969363907
378.0,0.29471183533447687,0.17414522415037714,0.18417631393658707,0.12653172951163463
379.0,0.31760548885077183,0.17758513406319204,0.1857271013531863,0.13108616202135956
380.0,0.29760205831903946,0.16559530056719246,0.189666354373548,0.1262843960249649
381.0,0.30333962264150943,0.1662007895311828,0.18877572645809707,0.12658148941527123
382.0,0.47412521440823324,0.20402463752310634,0.20298392009407382,0.16527930213311537
383.0,0.290188679245283,0.16829157917725554,0.18899855632568563,0.1237328765780499
384.0,0.32180789022298456,0.17102526947436417,0.18793110895430556,0.13133690439766565
385.0,0.341631217838765,0.17368524125595677,0.1871849242039242,0.13295702543784926
386.0,0.33347512864493994,0.17372368277834627,0.18826525093864688,0.13293530684329793
387.0,0.3030548885077187,0.16633106406328227,0.18925612666228048,0.12803578656004316
388.0,0.300336192109777,0.17255999010906886,0.18547764856380713,0.12783145913958455
389.0,0.4683653516295026,0.20657682616215642,0.2013742967049576,0.16471105571046077
390.0,0.3010257289879931,0.1633212615659331,0.18695008519770703,0.12664909506510252
391.0,0.2905334476843911,0.16356176703277608,0.18459270289633395,0.12461142037392334
392.0,0.285885077186964,0.1661654564904126,0.19008451615587454,0.1246156223653563
393.0,0.3317392795883362,0.1739581414655218,0.1869606762211777,0.13316749883292914
394.0,0.34820583190394505,0.17696970032107576,0.1868427720208511,0.13532618716566316
395.0,0.30509433962264154,0.16893237392186022,0.18999231732837019,0.12838451832444403
396.0,0.283811320754717,0.16609965568793483,0.18861263103996037,0.12224291492530341
397.0,0.37266037735849056,0.1780911973563911,0.18533975683035858,0.13875553585838946
398.0,0.34340994854202406,0.17261421496259283,0.1896618062650361,0.1337136590665792
399.0,0.29550257289879933,0.16836039520044696,0.18810212701489548,0.1269171519552572
400.0,0.3257461406518011,0.1754492325073532,0.18651880305139712,0.13263582387769085
401.0,0.35926586620926243,0.17655736742087685,0.18807458526982715,0.13667823505296492
402.0,0.3290977701543739,0.17384111003935412,0.18741845421341163,0.13305410514757549
403.0,0.3444579759862779,0.1770710368800597,0.18139704446216698,0.1350012663884315
404.0,0.3562933104631218,0.1787563430530763,0.18580235991411817,0.1342566832029152
405.0,0.34263636363636363,0.17518355233778432,0.18729203588770393,0.1342720650453192
406.0,0.391507718696398,0.17940155724995044,0.18216241119108564,0.1397026015363438
407.0,0.3221646655231561,0.17222762847893772,0.18893994972521258,0.1316326950895454
408.0,0.3228130360205832,0.16879068504862688,0.18884009910770236,0.13061979207667615
409.0,0.323861063464837,0.1729446786656227,0.18777419219629207,0.13173832038810634
410.0,0.2999468267581475,0.16618618814736458,0.1897949357654338,0.12666997395930624
411.0,0.30994168096054886,0.1731213490956729,0.1882472101013325,0.12843006467608875
412.0,0.4653413379073756,0.20741964513892688,0.20361188541679245,0.1666936899648191
413.0,0.31193481989708405,0.17027875711446103,0.18953867178825692,0.12924606051431428
414.0,0.28795025728987994,0.1691328684833914,0.1892654648656544,0.12440743570104042
415.0,0.3797667238421955,0.1774566195077985,0.18553927640781745,0.13871459921959928
416.0,0.36041852487135506,0.17545220036812412,0.18654013709446438,0.13697381874323689
417.0,0.3327838765008576,0.17066885351583086,0.18920983642122627,0.13248377260452499
418.0,0.3097890222984563,0.17036563344030303,0.18841334348463398,0.12847193589747316
419.0,0.2957564322469983,0.16575253390870404,0.18533069470019953,0.12598061577492836
420.0,0.3777032590051458,0.17915180846185239,0.18510158273938843,0.13768293530172646
421.0,0.35139794168096056,0.17910170268684675,0.18679058232930645,0.13615593514044486
422.0,0.36309433962264154,0.17726522006611703,0.1874960366074314,0.13600123100581146
423.0,0.33460034305317327,0.1702450295244502,0.18938288934513445,0.13145643961243825
424.0,0.28369296740994854,0.162352636928351,0.18548909913710868,0.12162901724671077
425.0,0.29539794168096056,0.16934954418700074,0.1864139921696426,0.12652425659916117
426.0,0.32252315608919385,0.16977466533408855,0.18987585583271582,0.13063091125034362
427.0,0.31020411663807884,0.16722916455977102,0.19034775232269072,0.1273024331786542
428.0,0.3735780445969125,0.17935464579873586,0.18489890065264591,0.13705243492989447
429.0,0.36246140651801034,0.1808537566991189,0.18360740585591484,0.1378501708504186
430.0,0.32763121783876503,0.17119536098450464,0.18985942256821062,0.13240549187606193
431.0,0.3934545454545455,0.17798624409989441,0.18244426609683428,0.1381512449603051
432.0,0.32377358490566044,0.16821673984827445,0.18718578483483664,0.13064034437997837
433.0,0.3512744425385935,0.17600518858084355,0.18647053271927513,0.1346629586032955
434.0,0.30954373927958834,0.16819960642814177,0.19012519405297829,0.12871277450773416
435.0,0.30155574614065184,0.16666089697797046,0.19013349456933165,0.12695393554959222
436.0,0.2968421955403088,0.1690967556906344,0.18919291403910196,0.12649952031019895
437.0,0.3094699828473414,0.17207134335621774,0.1828289979408584,0.13017036636632776
438.0,0.36767066895368783,0.17598543762776245,0.18604833131489096,0.13624858322846853
439.0,0.3221355060034306,0.17273149305466862,0.18958757921758357,0.1318403315824824
440.0,0.3170377358490566,0.17117478573925343,0.188745898093531,0.13034451464053792
441.0,0.2796157804459692,0.1638102377872672,0.18497234648905977,0.12245487990326172
442.0,0.2833962264150943,0.16682697352790807,0.1895939763587045,0.12391245039489292
443.0,0.30434133790737566,0.17055417478412896,0.18939293935891624,0.12777668343996654
444.0,0.29985420240137217,0.16837787079472588,0.19015026128650717,0.12686936534298127
445.0,0.31349228130360207,0.16956034655585023,0.18821209836562647,0.13029137787164502
446.0,0.28334476843910805,0.16489701078863736,0.1867534115339477,0.12231084511051273
447.0,0.3275626072041167,0.17229023093185855,0.18833684346923787,0.1326419231074962
448.0,0.2851715265866209,0.162842252219398,0.1867667673489284,0.12275302113735932
449.0,0.30374957118353346,0.16926561254270525,0.18892158969642173,0.12745877197864788
450.0,0.3275180102915953,0.17221918101029496,0.18755448550867362,0.13102263082126195
451.0,0.31840137221269293,0.16994689633177013,0.1896721739847381,0.12987864038683206
452.0,0.5308850771869641,0.19001844431424228,0.19487065000013776,0.16462372178197587
453.0,0.3167032590051458,0.17513355026669422,0.1871076464249833,0.13193095573124783
454.0,0.2967478559176673,0.16762211585843903,0.18891536639469825,0.1266370396315193
455.0,0.30417838765008576,0.16970417957910658,0.18576362737461602,0.12789518066294078
456.0,0.34878559176672386,0.17942653048565965,0.18614418403417496,0.13611761330044891
457.0,0.2966277873070326,0.16464956516791224,0.19025294802227788,0.12496809976771867
458.0,0.3260017152658662,0.16684988294512476,0.19023324838621858,0.1295859307671721
459.0,0.316819897084048,0.1698524645979467,0.19047344420826773,0.12996256821882185
460.0,0.2888782161234992,0.16922153789846717,0.1878427361690208,0.1259880890116702
461.0,0.32599313893653514,0.1738595460203587,0.18933598087454448,0.1321504701073149
462.0,0.2839794168096055,0.16472652184901074,0.18412134283637724,0.12374761031358719
463.0,0.2923962264150944,0.16088031904118913,0.18712603571231165,0.12449435188180051
464.0,0.3412830188679245,0.17449908196355465,0.1848488526921201,0.1344824269197958
465.0,0.33057632933104636,0.16992795105890457,0.180208501796951,0.13164220596248963
466.0,0.336229845626072,0.17526259119377294,0.18720871664847483,0.1339957626686757
467.0,0.29532418524871357,0.1678577174943807,0.1879903376430069,0.12632566301775527
468.0,0.3726620926243568,0.17760394352939984,0.18506057387205213,0.13619763500273285
469.0,0.3226329331046312,0.17541448317847072,0.18763503245304133,0.13177645702634475
470.0,0.2980720411663808,0.1646843121517003,0.188710789318837,0.1251070389932523
471.0,0.30310120068610635,0.1689696855346166,0.18874844049924988,0.128082121884074
472.0,0.3089313893653516,0.17087642269096023,0.18914167510312646,0.12916094956869717
473.0,0.3020188679245283,0.1649086223910181,0.18410668597261004,0.12647908227648738
474.0,0.2893018867924529,0.1651114704672152,0.18704027031131,0.12352916255608964
475.0,0.3335094339622641,0.1727932525743271,0.18781336104608007,0.13241646076854402
476.0,0.3601269296740995,0.17549080093001923,0.18734419592136295,0.13669189360719258
477.0,0.32624528301886796,0.1713545641445353,0.19015502523799518,0.13193962431677528
478.0,0.3201166380789023,0.1703290948483946,0.1904598012260764,0.12928043898003397
479.0,0.37027958833619207,0.17672253276133687,0.18625958497190742,0.13824665114026471
480.0,0.31743224699828476,0.17091296634909534,0.18939630100914692,0.1292969738102442
481.0,0.3315471698113207,0.1713847125689216,0.18898969792301465,0.13204102042357352
482.0,0.30762778730703255,0.1729616545929639,0.18614173263899061,0.12932430151007004
483.0,0.330368782161235,0.17132270205065414,0.18859174494347392,0.13299234077263503
484.0,0.3008662092624357,0.17094390872886014,0.18842027821980156,0.12795282962106952
485.0,0.28267238421955404,0.16595455172359688,0.18952421197612376,0.12312962025614999
486.0,0.3235746140651801,0.17051654440904093,0.18929443780545943,0.1314387570340529
487.0,0.3487632933104631,0.18232457460998092,0.18323540862873325,0.13711398500811245
488.0,0.3191183533447684,0.16833420984266395,0.18634349527270286,0.1298642112555848
489.0,0.31974785591766725,0.16948596768076488,0.1898955816374738,0.1305517079636762
490.0,0.33326072041166377,0.17021657086590367,0.18887035760214246,0.13219175583230866
491.0,0.29376500857632937,0.1666800156772209,0.18783342695473768,0.12646122489871697
492.0,0.2818370497427102,0.1648943929342043,0.188531698025211,0.12178857382790714
493.0,0.28627272727272723,0.16931070637210366,0.19059369878214835,0.12312720134043675
494.0,0.3152041166380789,0.16717682788824773,0.18987990044367759,0.12880006094349455
495.0,0.311622641509434,0.17098298415081245,0.18945537887857966,0.1289588136123783
496.0,0.2811578044596913,0.1634189459383267,0.186410299212228,0.1217579081422633
497.0,0.276902229845626,0.16340334847428387,0.1826698757590485,0.12180106826535432
498.0,0.3020566037735849,0.1672599767338922,0.18853293889497985,0.12800318088444868
499.0,0.28149056603773587,0.1681031745224023,0.18744972765923232,0.12365751413907093
500.0,0.3310806174957119,0.17194556492233476,0.1892330481941361,0.13259349329288236
501.0,0.3006843910806175,0.1675288643265289,0.1905011244259625,0.12709118044856985
502.0,0.33697427101200683,0.16933564720864988,0.1882126086887994,0.13155075257291418
503.0,0.3078233276157804,0.17151680057385454,0.18862971270345916,0.12902183614913668
504.0,0.32106518010291596,0.17321813014325368,0.18871951609340668,0.1312947502553024
505.0,0.31592452830188683,0.16964743291877568,0.19109329777842798,0.12952089498936176
506.0,0.2972933104631218,0.1658114347070233,0.1893155965987303,0.1265785392772969
507.0,0.2788576329331046,0.1635798245849336,0.18450148658074983,0.12210941627343215
508.0,0.3060994854202402,0.1691652632737834,0.1894365959130911,0.12721489932025548
509.0,0.31448198970840485,0.1736299539868629,0.18510336904330815,0.13124010312319928
510.0,0.32254030874785594,0.17200507976902382,0.18934638047999033,0.13109388488730797
511.0,0.31199142367066895,0.17349619391170704,0.18777005773109715,0.13020767159352858
512.0,0.3122795883361921,0.169079817456981,0.19164371866879457,0.12752388960507022
513.0,0.3398816466552316,0.17282903796159968,0.1859964487637535,0.13497779535259302
514.0,0.28902058319039453,0.16682918779023037,0.18872284152184796,0.12463216420105289
515.0,0.31030531732418526,0.17342100246971331,0.1843987776368796,0.12978987414747223
516.0,0.3015077186963979,0.16917927006458322,0.1892431720160745,0.1270251579715595
517.0,0.37925214408233276,0.1780323869551897,0.18540587628271132,0.1392753275611367
518.0,0.3245008576329332,0.17181105508807665,0.19018472426236535,0.12925698149929227
519.0,0.29923327615780443,0.16926973147976146,0.1899723696413629,0.12748274927423292
520.0,0.3412161234991424,0.17485825910275615,0.18662182668724792,0.1343070097566757
521.0,0.31529674099485416,0.17416334496342134,0.1853019879574494,0.13136470348403081
522.0,0.28414922813036025,0.16437286090841588,0.18571905731594832,0.12289761904457625
523.0,0.31983018867924534,0.1717378992353651,0.1900080625296207,0.13015035964458985
524.0,0.31632590051457976,0.1701331836558173,0.1859745891737394,0.12959409707362693
525.0,0.2820308747855918,0.16157672660016914,0.1872595070805345,0.12162865082649847
526.0,0.31281475128644937,0.16813534086341012,0.1903314846871471,0.12903674628520934
527.0,0.3553670668953688,0.17669749086887088,0.1875373744103321,0.1363560382362853
528.0,0.3406174957118353,0.18133933047566994,0.18550163947558584,0.13461365640124645
529.0,0.3657444253859348,0.17878508073294141,0.18509334898553392,0.13779177563783554
530.0,0.301516295025729,0.17061040757209398,0.18751245801495628,0.1281495820127777
531.0,0.354008576329331,0.1733735842080225,0.18733965976828104,0.13428893708090997
532.0,0.36188164665523154,0.18256022770912664,0.18388436593984106,0.1382669142275283
533.0,0.31947684391080616,0.1703988238053842,0.1872987401186609,0.13110042945470762
534.0,0.3238696397941681,0.1703788318644818,0.18924140961967909,0.13149873007129884
535.0,0.31940994854202404,0.1698134459955601,0.18892919951352605,0.13055700518915686
536.0,0.359164665523156,0.17957079104521045,0.1849977418288531,0.13734896662102813
537.0,0.2919090909090909,0.16709272733416214,0.18773615860312148,0.12552932341561618
538.0,0.29704116638078903,0.16846096168838887,0.1818000702655665,0.12634441031863605
539.0,0.30067753001715264,0.1670354455909146,0.19051642492724494,0.12702290284556708
540.0,0.32454373927958835,0.17154297893298026,0.19042175755147198,0.1311955452133734
541.0,0.30128644939965693,0.16457380057422016,0.18634768535341345,0.1257779474924899
542.0,0.29437735849056607,0.1706547686545988,0.18530092265007814,0.12754325130372016
543.0,0.30006689536878217,0.16498692706377074,0.18272135724475105,0.12623863697080567
544.0,0.3420874785591767,0.17275023503943368,0.18847641626080155,0.13203057577327185
545.0,0.2867015437392796,0.16483523070601547,0.18392969551105887,0.12471027279277372
546.0,0.35145111492281306,0.1759942317094941,0.18591195778557176,0.13547133318080506
547.0,0.35386792452830185,0.17511116646458733,0.1872111631997873,0.13701432751637282
548.0,0.33080274442538593,0.17158581599309064,0.18829391379717333,0.13317140342454944
549.0,0.28318010291595197,0.16659572419136623,0.18808086365214882,0.1234193998615863
550.0,0.3023156089193825,0.16586262044165279,0.18970989565044702,0.12716419067891296
551.0,0.3318953687821612,0.17460344239033368,0.18743679402047392,0.1336840071094177
552.0,0.36946826758147516,0.1779275970102974,0.18666556918000662,0.13675198918498122
553.0,0.3129365351629502,0.16704015400119562,0.1902020081913853,0.12646020012920978
554.0,0.28107890222984566,0.16548170575205892,0.19037503735372627,0.12267043056133556
555.0,0.30552658662092624,0.16667984350466394,0.19088303722820632,0.12780468352965882
556.0,0.29184734133790735,0.16663812802357963,0.18803877992999238,0.1249475219659212
557.0,0.34848885077186964,0.1706918955050108,0.18843365393641318,0.13397099142968494
558.0,0.3012641509433962,0.16761392773760436,0.19034663874460295,0.12529793354311078
559.0,0.2828970840480275,0.16284812173432908,0.18626211045338792,0.12246076619477146
560.0,0.28994682675814754,0.16695403348708984,0.1883474240894264,0.1238315679665124
561.0,0.34863636363636363,0.17749533159251318,0.1872216395920383,0.1357730931323387
562.0,0.2899965694682676,0.16559981953559974,0.190739628482245,0.12496151239652728
563.0,0.3471355060034305,0.17443917952498664,0.18818874709740643,0.13537427132706842
564.0,0.3304854202401373,0.17352814913146927,0.18894292969484097,0.13323152892514672
565.0,0.29669982847341336,0.16746372356710362,0.19040498641561027,0.12514806208095386
566.0,0.28045626072041163,0.16987430364635137,0.18750612732698158,0.12334621429644196
567.0,0.3053481989708405,0.17059791622970574,0.18777371262587714,0.1288815068454362
568.0,0.31592624356775295,0.16911609662935376,0.18638131776104788,0.1294981801506986
569.0,0.2889519725557461,0.16947381680511653,0.1858947938514604,0.1253956720014726
570.0,0.3656174957118353,0.17491057309546865,0.18651138071214218,0.135575178825241
571.0,0.36939451114922817,0.18019982751664576,0.18433842711600834,0.13926216721986745
572.0,0.2971166380789022,0.16657485576245273,0.1852842621514287,0.12611763759784433
573.0,0.3140634648370497,0.17147736378450892,0.18853025638229542,0.13007943077228862
574.0,0.29079245283018873,0.1661237758603834,0.19056701699474196,0.12542213553427406
575.0,0.3182915951972556,0.17392930819574892,0.18822680767432323,0.13095487084275897
576.0,0.30581646655231565,0.16734889895936453,0.18546982250391317,0.1274995843493628
577.0,0.29180960548885077,0.16612223932065626,0.19071291101221993,0.12532230852373272
578.0,0.3749348198970841,0.17714769372948724,0.18518003624011492,0.136146244685783
579.0,0.2823018867924528,0.16246932147258492,0.18685153837929824,0.11994588037381497
580.0,0.2857564322469983,0.16474715127721146,0.17975632861327723,0.1237631954778104
581.0,0.31298799313893655,0.17311158829061213,0.18746175392052908,0.13079796703064647
582.0,0.2826209262435677,0.16594136545395036,0.18651873204869787,0.12200837161460658
583.0,0.28681132075471705,0.16615656475179622,0.1915020955941602,0.12333112444435161
584.0,0.2902847341337908,0.16745719537755344,0.18894272454045635,0.12494612720002736
585.0,0.34482504288164667,0.17511935824918845,0.1879760410416433,0.1344696872870451
586.0,0.3655917667238422,0.17870331150615706,0.18476651443621814,0.13583997294259334
587.0,0.2763619210977702,0.1638585408268933,0.18364801263466804,0.12182809943380654
588.0,0.3250531732418525,0.17448899939955492,0.18581548859467495,0.1327543597818757
589.0,0.47446826758147514,0.20233621199819404,0.20166112691660978,0.1629427071741909
590.0,0.2788370497427101,0.16684984535345246,0.18168301465041775,0.12343617562417307
591.0,0.3507289879931389,0.17382342060884493,0.18782025816978323,0.1357815640545176
592.0,0.34547855917667236,0.17315677586550351,0.18859754336653578,0.1337077551160762
593.0,0.3584665523156089,0.17513985528432177,0.18761932914643664,0.13746967970847
594.0,0.3355437392795883,0.17667299895036093,0.1851629359307242,0.1347571471441445
595.0,0.3242847341337907,0.17596300419146385,0.18892120972371787,0.13152012632547333
596.0,0.34236020583190396,0.17172518458989464,0.18683503773533838,0.13326410232075975
597.0,0.34314236706689544,0.1718116956198831,0.18680597035000518,0.13320176807994347
598.0,0.3363121783876501,0.17292645930870612,0.18778978885946396,0.13369995279076077
599.0,0.3342692967409948,0.17130510877103705,0.1890752896889793,0.13071196059494433
600.0,0.3173704974271012,0.1719043989507996,0.19028390524477515,0.13062231494771467
601.0,0.3187289879931389,0.17284340575736276,0.18382802728660513,0.13163682009561456
602.0,0.2768644939965695,0.16850674199719132,0.1843375396159633,0.12307029848695866
603.0,0.3109897084048027,0.1691266418975939,0.18927805506478326,0.12904044443980228
604.0,0.29026929674099483,0.16582861387157602,0.18481234733346552,0.12408912190993718
605.0,0.36199142367066894,0.1745775814972412,0.1873385587070996,0.13686077022236193
606.0,0.2953893653516295,0.1667758792560529,0.18528445474622787,0.12507005640913596
607.0,0.34410634648370503,0.17932573092898776,0.18614498446578892,0.1352945259304582
608.0,0.3720926243567753,0.17823309764041018,0.18665003964985732,0.138717145540486
609.0,0.3042384219554031,0.16810896804200262,0.18613007385165556,0.1284578966990773
610.0,0.34945626072041164,0.17331921195245592,0.1873936297664793,0.13305165169679214
611.0,0.32614236706689537,0.17158530827822466,0.1892929393738474,0.13178913727885636
612.0,0.27888850771869644,0.16776433979796365,0.1845693613888875,0.12346916997088613
613.0,0.2975300171526586,0.1684715947547818,0.18612817583168584,0.12711820869147702
614.0,0.32763807890222985,0.17088779927852382,0.18843505254561047,0.13258421395449177
615.0,0.2977615780445969,0.17015712337304978,0.18634650808671177,0.12784573199303367
616.0,0.2990891938250429,0.1682333264805448,0.1887065630413342,0.12703351978942964
617.0,0.2864631217838765,0.1613471594826505,0.18426059686481433,0.12347596515650867
618.0,0.31980445969125215,0.1736774845592692,0.18916401637736222,0.13130887389301107
619.0,0.32756775300171526,0.17513380972095915,0.18522190451764503,0.1328388959610015
620.0,0.280917667238422,0.16878814283469873,0.18877392430904866,0.1230094031190302
621.0,0.32958833619210975,0.17290250058705708,0.18921462692067076,0.13249332376277945
622.0,0.33495540308747856,0.17434873920178928,0.18328269017960308,0.1328172311264226
623.0,0.3446277873070326,0.17574849087702546,0.1879558838362555,0.1348342161765603
624.0,0.31313550600343054,0.17433900908448596,0.18503361623148595,0.13104836965599606
625.0,0.32164150943396225,0.16909244072698093,0.19088818089260287,0.12961717808762194
626.0,0.3085797598627787,0.16879562463066622,0.18849938427789403,0.12808127610297482
627.0,0.3477684391080617,0.17828776427144846,0.1864117389700838,0.13560018263270046
628.0,0.27720240137221264,0.16885114182191063,0.18593200037566818,0.12339320484931311
629.0,0.36214408233276163,0.1757977444722997,0.18799462500100236,0.13720379668773008
630.0,0.30604459691252145,0.17045622014338727,0.18714330443992583,0.12898398954830512
631.0,0.28460720411663804,0.16914073991947423,0.18587751745765055,0.12470122810956911
632.0,0.3331578044596913,0.17324779670542284,0.18702496450615802,0.1337804085941184
633.0,0.31646483704974276,0.16918434202476407,0.1865728142801401,0.12842336402734708
634.0,0.29912521440823325,0.17114478609402525,0.187610182932432,0.12825610483922936
635.0,0.311401372212693,0.1694848110931688,0.19008235398731219,0.12937263055718032
636.0,0.30132418524871357,0.1688729912282832,0.18596102435363734,0.12792378230584545
637.0,0.29699485420240135,0.1714176982843432,0.1822839002486628,0.12664027813974535
638.0,0.3484785591766723,0.18116287997842692,0.18372989524388422,0.13598031803518593
639.0,0.3230668953687822,0.17970857657566724,0.1865812662286652,0.13246527708471376
640.0,0.46653687821612344,0.20497381064221235,0.20397238845983434,0.16498915215872484
641.0,0.2979982847341338,0.16608522943182386,0.18475960851224982,0.12578040800707796
642.0,0.29618867924528297,0.16987126621032997,0.18830621249845683,0.12612785789357034
643.0,0.28622813036020583,0.16232848386253,0.1880226177870972,0.12234916120481584
644.0,0.30650428816466546,0.1686987925936155,0.18866541333047895,0.127848051452707
645.0,0.482303602058319,0.1986079724082298,0.19927829078158538,0.1621390128044487
646.0,0.3026380789022299,0.16686536224516124,0.1900919083155018,0.1268484165522167
647.0,0.3225128644939966,0.17019152552477598,0.1905783706363265,0.12966660121237744
648.0,0.3738816466552316,0.17947340555187344,0.1854431489383479,0.13700647075429578
649.0,0.3370120068610635,0.17521124349207673,0.18575914133808114,0.13444156024796416
650.0,0.32299313893653514,0.17007001699319593,0.19013704365652564,0.13062556380587262
651.0,0.3382126929674099,0.17113614392779203,0.18768324007079126,0.13369122857052876
652.0,0.2935917667238422,0.16520581656757613,0.18590272115576,0.1254102575438651
653.0,0.3793327615780446,0.18162621020375055,0.18353353962338703,0.14034027867127571
654.0,0.32356775300171525,0.1723087051349079,0.1888570564572419,0.1309316959549288
655.0,0.28362950257289876,0.1631936970606002,0.18553189182595106,0.12207891335103864
656.0,0.3057238421955403,0.17034659504846303,0.18775644872867245,0.12813788420929492
657.0,0.2989725557461406,0.17027947258567486,0.18622683334935197,0.12742530418142872
658.0,0.30067753001715264,0.16656785462369111,0.1847436262280756,0.12725589795337966
659.0,0.3782521440823327,0.17859552386806496,0.18287486972742817,0.13615571021744316
660.0,0.3235711835334477,0.16977137921502472,0.18986129287731898,0.1303990104755983
661.0,0.3243807890222985,0.1744256208057541,0.18475450438074648,0.13237806026148488
662.0,0.2844939965694682,0.16815357354258878,0.1901954258705991,0.12386438857298651
663.0,0.3365626072041167,0.1725482852551342,0.18550938701823116,0.1338962538989383
664.0,0.3502487135506004,0.17478370276319657,0.1886242825868876,0.1346310731387363
665.0,0.3411492281303602,0.17141238489971558,0.1891412965788826,0.13374357737683484
666.0,0.29029845626072037,0.1652522406416558,0.19029947154707913,0.1248239188854208
667.0,0.35174442538593487,0.1739725608399304,0.18821796212712746,0.136184270941349
668.0,0.32026072041166376,0.17250416021215453,0.18953559969896588,0.13111408927499757
669.0,0.32033619210977704,0.17064133548633773,0.18752973715783217,0.1315496857647415
670.0,0.3030531732418525,0.17080946872852293,0.18724337061536672,0.12807775481747052
671.0,0.3328044596912521,0.17488134409517847,0.18476941049683437,0.13353356630047977
672.0,0.31247684391080616,0.16954839068347338,0.19041921237653786,0.12833732113207422
673.0,0.307303602058319,0.17248147155772994,0.18593822458003226,0.12958598216061573
674.0,0.3662744425385935,0.1801689460356892,0.18566234283755437,0.1381775878430363
675.0,0.2998662092624357,0.16832890584480328,0.18637422277336005,0.12755556785315036
676.0,0.34272212692967413,0.17880806984264025,0.18567316163540112,0.13475321146105254
677.0,0.29,0.16468180135640365,0.1885880958532157,0.12390284609363876
678.0,0.2987804459691252,0.1727138805430869,0.18332864771242252,0.12751359957291702
679.0,0.4870222984562607,0.20062794872730627,0.1994762183188999,0.1646287934447325
680.0,0.32963807890222985,0.17129954051892396,0.18950936795491047,0.1323021699833194
681.0,0.3181200686106347,0.17059001706770568,0.18467435599071233,0.13036337465945536
682.0,0.3814579759862779,0.18179290887969696,0.1835156939336282,0.1395214365182723
683.0,0.30086963979416803,0.1687765433354486,0.18911638678393994,0.12737142624935993
684.0,0.2899348198970841,0.16774112550076045,0.1868706562502242,0.1255039156195065
685.0,0.3611337907375643,0.17630936734038066,0.18657832155922102,0.13549876122359028
686.0,0.3277409948542024,0.17325851044735535,0.18705683442133836,0.1327675219894677
687.0,0.4695814751286449,0.2069130479029397,0.20175537732285603,0.1657484950889543
688.0,0.3696295025728988,0.17848242280371046,0.18500970543321205,0.1375667490237252
689.0,0.34540480274442537,0.17422158480497407,0.18836812257506824,0.13476664013991843
690.0,0.30163636363636365,0.1696588894142997,0.18898385517399904,0.12753589706186508
691.0,0.3465025728987993,0.17486770988057765,0.18811949898744093,0.13512675335931873
692.0,0.36380960548885083,0.17679009156320524,0.18731828722023394,0.1365979308470492
693.0,0.2867392795883362,0.16600791266681605,0.1824378934160065,0.12484279498923995
694.0,0.3258216123499142,0.17585631006056382,0.18537509463640572,0.13276127728250448
695.0,0.35024699828473416,0.17604630337002028,0.1872213867741056,0.13658014244721392
696.0,0.29236192109777015,0.16906994933935074,0.18779558064888133,0.1260007883857796
697.0,0.3102058319039451,0.1692296971366286,0.18972278071904436,0.12850500070622883
698.0,0.37171355060034306,0.17834689819739674,0.18583433608850278,0.13903024580815343
699.0,0.34962950257289876,0.17675951621002084,0.18656569314493782,0.1361093338363778
700.0,0.34238765008576333,0.17487560003110356,0.18462859805404233,0.13553632721516048
701.0,0.3647186963979417,0.17752619277118167,0.187195017522313,0.13802621489985814
702.0,0.28042367066895374,0.16610695049633586,0.1817229444870834,0.12254706526636716
703.0,0.3566998284734134,0.1778091010079115,0.18731058172802517,0.13702677973240782
704.0,0.33123842195540304,0.1729910125506937,0.1876689380967814,0.13384389406946515
705.0,0.30651972555746143,0.17224519347250747,0.18787413034660164,0.1288345384079318
706.0,0.2996449399656947,0.16724612586417759,0.19161705502230506,0.12580770320537682
707.0,0.378451114922813,0.1819664087389179,0.18336442724343174,0.13964674963562937
708.0,0.3511955403087479,0.17505411741311028,0.1869569734598736,0.13673070139720195
709.0,0.3279982847341338,0.16857842602192646,0.18697045086072403,0.13079779632746888
710.0,0.27867409948542027,0.16670029030616673,0.18399493248906618,0.12225716122748186
711.0,0.3499108061749571,0.17291453122136,0.18802974525438299,0.13312156560740848
712.0,0.30894168096054886,0.16659172995370147,0.1855316788575199,0.12857146521664556
713.0,0.38332761578044594,0.17656280037132183,0.18344201222778786,0.1369409402374722
714.0,0.2914648370497427,0.16498637487858678,0.19094710506545304,0.12461078175007718
715.0,0.3779502572898799,0.17576035875543677,0.18576225515157144,0.13657232696382823
716.0,0.2993481989708405,0.17078695077272096,0.18590733664292164,0.12573989702769756
717.0,0.3495557461406518,0.17477373324200188,0.18875211446352502,0.13567812614501115
718.0,0.3087204116638079,0.17221063888594335,0.1856742248805788,0.12955904277136268
719.0,0.28867238421955405,0.16726212831381235,0.18385030254648496,0.12437105599310189
720.0,0.2823962264150944,0.16826862411759133,0.18578689797699247,0.1239030339138271
721.0,0.31627444253859344,0.1674684260140472,0.18434954446915877,0.1289396928442198
722.0,0.31450771869639793,0.16966858877338895,0.18424113693553795,0.12973726805585353
723.0,0.3087152658662093,0.1679508636937116,0.1835347164242415,0.12853025431692322
724.0,0.29042024013722123,0.16539385138570029,0.19037414560517968,0.12481834851889789
725.0,0.2906655231560892,0.16396791639870634,0.18348731670150495,0.12573530719074844
726.0,0.2909519725557461,0.16945226165296481,0.18810877593000958,0.12591432304567038
727.0,0.37528301886792453,0.18014336773483017,0.18494994261285921,0.13960801256511965
728.0,0.28645797598627787,0.1629335681193054,0.18626567110821668,0.12345567572039398
729.0,0.3079605488850772,0.1684825939148801,0.19069784762324174,0.1278360521764655
730.0,0.46644082332761583,0.20180513104377149,0.2033499381526041,0.16223794284748982
731.0,0.32491080617495716,0.17167380581102998,0.19044512285641033,0.13084633181727462
732.0,0.3004579759862779,0.16690922536366748,0.1904495744515982,0.12694162259578104
733.0,0.3432487135506003,0.17313129807204472,0.18900101405901854,0.1345106734808005
734.0,0.37418524871355063,0.18024948205486666,0.18591375382046824,0.13922697303443402
735.0,0.28370497427101204,0.16795500908248331,0.18919382443847155,0.12322918743233537
736.0,0.295032590051458,0.1654510101215851,0.18661673493043315,0.12659031088202205
737.0,0.3417993138936535,0.1719796680449109,0.18801815611219208,0.13216885797441932
738.0,0.31463979416809607,0.17379196497563656,0.18843763760096777,0.13033387453703557
739.0,0.27592281303602056,0.16597112678782774,0.1840218461313093,0.12210391987155846
740.0,0.2816483704974271,0.17119835410533205,0.185419347823302,0.12452359686830516
741.0,0.3051578044596912,0.1695540668308052,0.18762370812472323,0.1288124698369757
742.0,0.3315300171526586,0.1711545333686748,0.18930690359354538,0.13270752548998052
743.0,0.3346929674099485,0.1710289011629518,0.1863838828188969,0.1332723536205536
744.0,0.33243396226415095,0.17473893950599964,0.18509835422656998,0.13342501624076056
745.0,0.33420754716981127,0.17370524658595507,0.18790850368806084,0.13347730118581946
746.0,0.3123207547169811,0.17155352134017848,0.18905234149888633,0.12973129880231324
747.0,0.3039005145797598,0.17057827443942913,0.18734889210485756,0.12751502291513758
748.0,0.35570668953687823,0.17635575927434324,0.1873202573900197,0.13648388020537697
749.0,0.2995385934819897,0.16694934121997243,0.19101258585615213,0.1255927586048654
750.0,0.312377358490566,0.16869177411297018,0.19068410933307417,0.12916647938230533
751.0,0.30532590051457975,0.1721408706277662,0.18827952208176768,0.12876308572088657
752.0,0.34371355060034303,0.17484256884388835,0.18739214014812758,0.13505052442198182
753.0,0.32304631217838764,0.16997625697961655,0.18828562644353417,0.13084532981989824
754.0,0.3769502572898799,0.17782387008054082,0.1861082636789818,0.13845978931416858
755.0,0.2795831903945112,0.16331558601343718,0.18626224771130756,0.12204197754565807
756.0,0.3653001715265866,0.1779736346635243,0.18513833895132756,0.13889392339864007
757.0,0.38695540308747856,0.17815888932501314,0.18312611524993933,0.1384424580332996
758.0,0.2931372212692968,0.1635654438457534,0.18994835541170868,0.12404044175891521
759.0,0.34587478559176676,0.17309994825188094,0.1882487441210693,0.13427819582167125
760.0,0.3028181818181818,0.1659692736042557,0.1881916776926673,0.1268525638040643
761.0,0.47663636363636364,0.2024125260618751,0.20166381374616718,0.1646489823407677
762.0,0.29285763293310463,0.16675060172071923,0.18973911337523758,0.1250733620698402
763.0,0.3297255574614065,0.1699397755335587,0.1885355982128451,0.13107047760295837
764.0,0.2959365351629502,0.16707991069800354,0.18855699711354434,0.12684136568887702
765.0,0.34437735849056605,0.1739808844543464,0.18842103356596804,0.13457241229032238
766.0,0.3541252144082333,0.17487822781975862,0.18497885932432204,0.13081534803498868
767.0,0.28783876500857636,0.16544353313799842,0.18837714848883097,0.1246204005267073
768.0,0.28299313893653516,0.1643921314589165,0.1916965510386283,0.12181999885706139
769.0,0.33445454545454545,0.17097699680974182,0.18644589591259123,0.13258130495253703
770.0,0.31653173241852484,0.17129406629896818,0.1913401074928081,0.1291634493932794
771.0,0.33887478559176676,0.17249770580084406,0.18767486921327345,0.13365529574042562
772.0,0.3009605488850772,0.16956943535042285,0.18665501548243169,0.12663055420153552
773.0,0.30039622641509434,0.16940396967345556,0.18794253806852454,0.127778109574919
774.0,0.3285626072041166,0.1731446623019227,0.18717997168340886,0.1328585926670849
775.0,0.4846363636363637,0.19924757955265063,0.19853463957703496,0.16246522295991678
776.0,0.29359176672384224,0.16488775829162194,0.18581712554430124,0.12509251376583874
777.0,0.285097770154374,0.1650649903215977,0.1851279747874911,0.1238085167515904
778.0,0.28712864493996576,0.1633979534219433,0.1842017773486998,0.12392069264451328
779.0,0.36967409948542024,0.17534395933103533,0.185388677972817,0.13537681539159463
780.0,0.3073636363636364,0.16624669951681334,0.18431899207548352,0.12780481694953347
781.0,0.2880548885077187,0.1666664505175073,0.18357386824428668,0.12426845735632998
782.0,0.32620411663807886,0.1732746326388422,0.18902223596120388,0.1320508404834227
783.0,0.32914751286449406,0.1740615850724996,0.18454285101984153,0.13338851310333286
784.0,0.33482161234991425,0.1718122143402812,0.18911331426653624,0.13332201861882334
785.0,0.3153842195540309,0.17267789709394646,0.189222205458739,0.13018886326003837
786.0,0.2771372212692968,0.16459279368728183,0.1833208880609529,0.121916318312196
787.0,0.29879416809605486,0.16926708057904183,0.1882820127390532,0.12761221896322722
788.0,0.2845471698113207,0.16870791398442728,0.18457255964246996,0.12511081562230003
789.0,0.4685849056603773,0.20334236674723097,0.2027642959523528,0.1626105361453055
790.0,0.2815883361921098,0.16920906155558532,0.1833073311304802,0.12438491640315748
791.0,0.2988542024013722,0.1670500346020172,0.1896010417333344,0.12707843277551967
792.0,0.28532418524871356,0.1655295358976748,0.18893718427338999,0.1237846789694838
793.0,0.3452898799313894,0.1783541167256659,0.18422732379362455,0.13601211773943703
794.0,0.304581475128645,0.17047470849735077,0.18650673185934846,0.1286932135211858
795.0,0.33528816466552314,0.17048099775254805,0.18941213340113608,0.13149941180509275
796.0,0.30118181818181816,0.17038301297023542,0.18929838691547457,0.12784989007346043
797.0,0.3098919382504288,0.1677660412860642,0.18536319679741922,0.1286902341859758
798.0,0.3349982847341338,0.17042910214272217,0.18921057388967344,0.13222453600672404
799.0,0.29718353344768433,0.16808060745924872,0.19099698324327952,0.1264210954576536
800.0,0.31618010291595194,0.1681558724676147,0.1852034558534204,0.12966850138319053
801.0,0.281041166380789,0.1668556452284989,0.18916405197551944,0.12302125812448092
802.0,0.28785591766723845,0.1676674337798503,0.186865188512595,0.12498433809479827
803.0,0.5378919382504288,0.1873459239016391,0.19322968828279313,0.16331682324786156
804.0,0.34485934819897085,0.1763316141306842,0.18803168220976782,0.13466047173808923
805.0,0.3190926243567753,0.1739733510251944,0.18778981341097,0.13148922631872498
806.0,0.3683241852487135,0.17490952043296887,0.18667287421089693,0.1375184364432027
807.0,0.2900548885077187,0.1647771703901216,0.18444645324120007,0.12430635547987967
808.0,0.3046792452830189,0.17157414477154004,0.18672751029510934,0.12765108169623526
809.0,0.3189708404802744,0.1742701813167879,0.18246649176087557,0.1311106763006206
810.0,0.296156089193825,0.1633224125762942,0.18612149045341747,0.1251451136624023
811.0,0.3304648370497428,0.17200851787176333,0.1879072522817413,0.13237286072826765
812.0,0.29714408233276157,0.16678964274292365,0.18913463718021714,0.1271236107118716
813.0,0.4960857632933105,0.19746183880384388,0.19839782391080807,0.1643730881674599
814.0,0.4996192109777015,0.19681779422433038,0.19694603175367154,0.16344765590750335
815.0,0.3050154373927959,0.16960768241163526,0.18912044064230502,0.1282042184887658
816.0,0.3198010291595197,0.17252990511144786,0.1894394967718565,0.13091029277720934
817.0,0.3319279588336192,0.17012695140255119,0.18913740881638005,0.1316752970470139
818.0,0.30588164665523154,0.17359850832789558,0.18898989965002133,0.12856779119633915
819.0,0.3160720411663808,0.17137545277595145,0.18844003735022408,0.13038263413838644
820.0,0.2824802744425386,0.1636275356654181,0.18279859123079875,0.12219825080433722
821.0,0.28324013722126934,0.16227652205055565,0.18545331246969976,0.12307494039790909
822.0,0.34719554030874783,0.1709879284083857,0.18880640128714818,0.1334167354752874
823.0,0.3820188679245283,0.17436981500742527,0.18523934321361518,0.13788413519975487
824.0,0.32855231560891934,0.17319258360677037,0.18872750536897445,0.13219486127040672
825.0,0.29975814751286445,0.17203886681025507,0.1852435748226725,0.12821555791206046
826.0,0.3200343053173242,0.17746309738747096,0.18533257656852725,0.1310976151541365
827.0,0.3595506003430532,0.17726283031990633,0.185448770820765,0.13379747409179263
828.0,0.37801543739279586,0.17739413177432756,0.18379965675146315,0.13738659992530206
829.0,0.3065368782161236,0.16731335699154504,0.18411104441002185,0.12740972472999382
830.0,0.28681303602058317,0.16857613732922783,0.18903787529523772,0.1247295737196614
831.0,0.3377135506003431,0.17381016280923373,0.18818090106116597,0.134613194987488
832.0,0.325704974271012,0.17379147137365208,0.18476025573022947,0.13166212816756268
833.0,0.33460548885077185,0.17568668182494038,0.18347753594609081,0.13458375338352493
834.0,0.3253481989708405,0.17333361151207186,0.1883063673722799,0.13180674398157602
835.0,0.2933344768439108,0.16248004526966559,0.18281900712406762,0.1243268890990793
836.0,0.3037855917667238,0.1717310507791073,0.18565675463936612,0.12907386100500814
837.0,0.3657615780445969,0.17802918089856318,0.18668257038880334,0.13712946889238134
838.0,0.3152744425385935,0.1700270110393517,0.18946726775684788,0.12932239266849552
839.0,0.30894854202401373,0.17098768738379708,0.18632011682746036,0.1292298244439292
840.0,0.3429794168096055,0.1719704160733839,0.189100618327445,0.13431518730032166
841.0,0.28932075471698115,0.16481855119354122,0.18607787213413998,0.1241887345261259
842.0,0.2951286449399657,0.16889706615753033,0.18550768490917688,0.12676909828252073
843.0,0.33396912521440825,0.17509164026351878,0.18622132834863767,0.1339282485946427
844.0,0.30430531732418525,0.16677239680380387,0.1889371825566173,0.1276714600916943
845.0,0.2956449399656947,0.16793722400254388,0.18774155913576418,0.1269086560248273
846.0,0.3722452830188679,0.17751779019878883,0.18673959891770658,0.13895853058261615
847.0,0.3417307032590052,0.17191007914541045,0.188330265103884,0.1320764927074692
848.0,0.2807770154373928,0.16150880160503084,0.18484100568215445,0.12238447777299458
849.0,0.3055008576329331,0.1645834131943706,0.18706293338529678,0.12622551854935163
850.0,0.3096037735849057,0.1725054800397973,0.18540267992398488,0.13041804222370387
851.0,0.27959005145797594,0.16784151843244144,0.18772876388355159,0.12319786858080906
852.0,0.3558885077186964,0.18037972642667666,0.18606805919732206,0.13772916286329406
853.0,0.2950205831903945,0.164342723606994,0.18816786974206695,0.12534184815055463
854.0,0.33550943396226424,0.1726904901456308,0.1885933802811554,0.13302066069786242
855.0,0.2959090909090909,0.1650512255528203,0.19109037743294682,0.1253223736202672
856.0,0.29882161234991417,0.16339613748640647,0.18373698819372897,0.12539161335987487
857.0,0.33337392795883364,0.17591387439875142,0.18693842129567823,0.1329001440368949
858.0,0.31944253859348204,0.17214746785812815,0.18880994519468033,0.1307754228449419
859.0,0.28925214408233274,0.17136877596041983,0.18375275487982476,0.12531053658634822
860.0,0.2864356775300172,0.16793654620906953,0.18764171772599922,0.12467234900647804
861.0,0.32067753001715266,0.17196328283288007,0.18546020195143212,0.131703603588128
862.0,0.2820154373927959,0.16040831760110097,0.187022746111644,0.12089177386133394
863.0,0.30561749571183533,0.16988541132744234,0.18845104884520952,0.1281706553727512
864.0,0.47119725557461406,0.20381314988759505,0.20266790389386335,0.16349650231768034
865.0,0.3041989708404803,0.16459383856142712,0.19028394225244738,0.12687152330602391
866.0,0.30187650085763296,0.1691841069183714,0.19012442382268427,0.12705083085709612
867.0,0.3668284734133791,0.17750016854864864,0.18571310948349154,0.13897830289468371
868.0,0.2950823327615781,0.16216301296435645,0.1866571083247909,0.12441453357784249
869.0,0.3575849056603774,0.17778151733197328,0.18744768426126726,0.13674770929515273
870.0,0.30227444253859354,0.167899816121935,0.18786252997202232,0.12790172177414455
871.0,0.30039794168096057,0.16396636886255492,0.1851116462945988,0.12692312472911452
872.0,0.373401372212693,0.17544424764132413,0.18660254762880435,0.13827231049596042
873.0,0.29203087478559175,0.16469810223242323,0.19005225651468313,0.1245694841720848
874.0,0.32144425385934816,0.1691093932290151,0.19034766806597644,0.1291182982783213
875.0,0.3490686106346484,0.17415526957118732,0.1878998951110243,0.13513014381791869
876.0,0.29898456260720413,0.1668575027893967,0.19044754862818472,0.12685025294885316
877.0,0.33979759862778736,0.18051582635437502,0.18582666350365729,0.1352159323420604
878.0,0.36685763293310464,0.176893842569513,0.18578430889993722,0.13911305860475243
879.0,0.3053481989708405,0.17126646272482113,0.1879637708008043,0.12874054936691715
880.0,0.2897186963979417,0.16735477218157524,0.18303089959597132,0.12492665745572988
881.0,0.2876861063464837,0.1696638209825341,0.18748952575066025,0.12534407000312991
882.0,0.3248902229845626,0.17185659269469805,0.18891498540811175,0.131738443203183
883.0,0.2865797598627787,0.1639284952928724,0.19176039317854196,0.12233665229219425
884.0,0.34653687821612345,0.17734263030762135,0.18647997284776915,0.13594080278871967
885.0,0.30527444253859354,0.17325468569967456,0.18801132684473046,0.12843442859552687
886.0,0.2867718696397942,0.16672208073025285,0.1900239476121857,0.12413242594034328
887.0,0.3234854202401372,0.17022830039874498,0.1899028195195619,0.1310745848024647
888.0,0.27997084048027443,0.1667885077190885,0.18247851537777568,0.12339452489223143
889.0,0.32348198970840475,0.17433616155161402,0.18838740737520882,0.1318369332710583
890.0,0.2914768439108062,0.1663716664208188,0.18965047008913638,0.1260481701925326
891.0,0.344097770154374,0.17578787903195356,0.18706948011518154,0.1347604607859039
892.0,0.28537392795883365,0.16679854753779785,0.18784591764462283,0.12385412352486523
893.0,0.36232933104631215,0.17635438176082657,0.18532792512334087,0.13607974814257762
894.0,0.3504253859348199,0.1719645891318923,0.1874203259128874,0.13346987367672325
895.0,0.3015626072041166,0.169466370251302,0.18766957935593803,0.12816567045956062
896.0,0.3057015437392796,0.17136798557809407,0.18595408451940648,0.12886841804809138
897.0,0.34661921097770154,0.17744185793809777,0.1856208842865795,0.13599974327783806
898.0,0.31074271012006865,0.17091710954350556,0.19064939259082667,0.12868906395281793
899.0,0.3399348198970841,0.1785399966157222,0.18417479672439452,0.1361102950243854
900.0,0.34435677530017156,0.1760191900573726,0.18723126500313964,0.1348973909061462
901.0,0.33717495711835327,0.1690297515714509,0.18922708038961064,0.13149539871070373
902.0,0.2963704974271012,0.1688180479852536,0.18665278107094316,0.12698036866058385
903.0,0.34114751286449396,0.173744197371041,0.18944311505172057,0.13362364116694453
904.0,0.32069811320754715,0.17261683452704027,0.18960078885955578,0.13059139380172952
905.0,0.29144768439108054,0.16497501414456245,0.1907986723082834,0.12523621961562797
906.0,0.30386963979416803,0.1710494901711712,0.18661869109853305,0.12860830122113062
907.0,0.291958833619211,0.16811942016267675,0.18786604594172146,0.12571898978197885
908.0,0.34777186963979423,0.1722302383588422,0.18765060388936206,0.13450596903257295
909.0,0.3146003430531732,0.17156440523790076,0.1876077974525644,0.13007597249482664
910.0,0.29250943396226414,0.1656710139130441,0.183887716181718,0.12607462760124202
911.0,0.3123121783876501,0.16873530663776196,0.19054729395258602,0.1285523649384225
912.0,0.3113018867924528,0.16878845174547547,0.1890096586855085,0.12823647353414316
913.0,0.3247101200686107,0.17407937505698406,0.18503973262537726,0.13251029086114793
914.0,0.3417101200686106,0.1764705021812863,0.18728862398419577,0.13462504693443605
915.0,0.3835608919382505,0.17881674354355964,0.18461929252240444,0.1400782607684295
916.0,0.2933396226415094,0.1679423383644656,0.18495781044015178,0.12679642387735718
917.0,0.31993653516295023,0.17067846956452315,0.18735870637708676,0.13037679325400917
918.0,0.29286963979416814,0.16660946472691482,0.18743857143868328,0.1262627084238968
919.0,0.3157152658662093,0.17146934308023987,0.18823318065241107,0.13082483541669698
920.0,0.280770154373928,0.163880929619737,0.1856966868519549,0.12100861113686504
921.0,0.3446329331046312,0.17404708765736487,0.18883201902823282,0.1342181461126709
922.0,0.30068953687821615,0.16519001073196585,0.191611835418625,0.12605533848975045
923.0,0.36123327615780443,0.1760160845024757,0.18715145805517094,0.13725339694776073
924.0,0.3825008576329331,0.1771707683624064,0.18501974230188664,0.1396319879050844
925.0,0.3688147512864494,0.17970457142816515,0.18570079369631853,0.1389397088967646
926.0,0.3286689536878216,0.17388331342602664,0.18368393917801926,0.13247040231548296
927.0,0.3431234991423671,0.17287271693501757,0.18845937580868805,0.13473726426065702
928.0,0.3319108061749571,0.17001756498952056,0.1888888250565448,0.13113897584880355
929.0,0.3741029159519726,0.1813728664597335,0.1850781668137172,0.13886376368713096
930.0,0.29781303602058323,0.1706517088686653,0.1884713657793736,0.1268247244505602
931.0,0.32721955403087477,0.1725702664292259,0.18685056824903218,0.132626528100618
932.0,0.31485763293310465,0.17204562665324982,0.19009353158092074,0.12805916438777185
933.0,0.29755746140651795,0.1653256010850695,0.1896066304848941,0.12622824869096896
934.0,0.316180102915952,0.16920138876829532,0.19109740889115154,0.12845512472858497
935.0,0.3459554030874785,0.17238986372154336,0.18841713793486878,0.1332002702300767
936.0,0.3364802744425386,0.17419254012055535,0.18829830703761255,0.13338447560088634
937.0,0.3340771869639794,0.1788044393164813,0.18231922948476847,0.133811461140191
938.0,0.33647169811320754,0.17558529653629637,0.1853130571789983,0.13410238421509202
939.0,0.2968576329331046,0.1659806055369902,0.1858001617315329,0.12583859562714877
940.0,0.34094854202401376,0.1709027124989197,0.1890331391706103,0.13255476948904943
941.0,0.3180840480274443,0.17084216714582534,0.1903667567123312,0.13016722448937854
942.0,0.32368610634648376,0.17070235225864638,0.1895744778849712,0.1320631706822799
943.0,0.3098061749571184,0.1671891355765436,0.1838644431332782,0.1284629623214376
944.0,0.3667204116638079,0.17767528409611014,0.18561313567650145,0.13599115881699123
945.0,0.3548267581475128,0.175502537038433,0.18768904806638634,0.13543616472930545
946.0,0.2793499142367067,0.1683355291294281,0.18878852168394378,0.12300922603549908
947.0,0.3238319039451115,0.17147000829088005,0.19073033508286716,0.13095409786877202
948.0,0.30946826758147516,0.16806111483646435,0.18918096358863626,0.12854323121943184
949.0,0.2865471698113208,0.16593092201415136,0.190937915292345,0.12416208777082516
950.0,0.32132761578044594,0.17369668765968993,0.18894815152877809,0.13129065415076574
951.0,0.3254802744425386,0.1750295557013509,0.18593473209971859,0.13248187324995803
952.0,0.28520411663807893,0.16360256702297352,0.18534598885117476,0.12276706363321926
953.0,0.3008387650085763,0.16722379765298626,0.18890065905552963,0.12745938336736637
954.0,0.3096329331046312,0.16928109246986378,0.1899358356052789,0.12890616422000364
955.0,0.28943053173241856,0.16479097204574994,0.1863098813162252,0.12426535390751266
956.0,0.31104116638078905,0.17324076613842287,0.1884282388052267,0.12941743501494266
957.0,0.33618010291595196,0.17277346702191668,0.18804652363914492,0.13371753634670355
958.0,0.32995540308747856,0.17305766510122592,0.18762078303935312,0.13252152523748606
959.0,0.28755746140651806,0.1608736930551149,0.1864405656930524,0.12272819654726012
960.0,0.29292795883361916,0.16159757634560684,0.18441786529744472,0.12519213636668097
961.0,0.3157392795883362,0.17008278552214165,0.19031316306310392,0.12996044100390464
962.0,0.2991320754716982,0.17106245183230215,0.1870052166539802,0.12695843964473336
963.0,0.2954596912521441,0.16386275900338132,0.1867613130328062,0.12579245671395445
964.0,0.32037907375643226,0.1717866501138014,0.1898527146862333,0.13091108145039712
965.0,0.34415608919382507,0.1725870555416508,0.18827748033819866,0.13332961354634795
966.0,0.28075300171526585,0.16903893068921874,0.18818001876206608,0.1234038681619049
967.0,0.3158593481989708,0.17034303468615405,0.18943395226365517,0.13042173050628167
968.0,0.319876500857633,0.16994392196057576,0.19056231472684268,0.13001801273224056
969.0,0.2857907375643225,0.16245965861115116,0.1839533179196592,0.1224958799885338
970.0,0.4763327615780446,0.19788224845481944,0.2015457291758942,0.1617135186146437
971.0,0.3182281303602058,0.17188350902586136,0.18617566519042056,0.13062032137115498
972.0,0.27898627787307034,0.16268204505817044,0.1838075599615028,0.12203252640583599
973.0,0.2805008576329331,0.1643091118439045,0.1838173752435859,0.12321392124963629
974.0,0.33806003430531734,0.17308983097944622,0.18848745651828988,0.13406222188469505
975.0,0.29507032590051463,0.1690153698117112,0.18649144766409967,0.1267425232887332
976.0,0.37422984562607203,0.1756169829481737,0.1855614587670487,0.1370141201361653
977.0,0.29271183533447687,0.16570117926068947,0.19157721125172963,0.12396298399723403
978.0,0.3257204116638079,0.17298333212208497,0.18915742292839274,0.13269450248005948
979.0,0.3109125214408233,0.16912030781676965,0.1883008008132411,0.12977340964975695
980.0,0.2886174957118353,0.16809969003400066,0.18914464445201173,0.12471545642178104
981.0,0.33816638078902234,0.17093276629194085,0.18834183139001665,0.13418195389809232
982.0,0.3141012006861063,0.16861398128488655,0.18985959027922197,0.12926629015357005
983.0,0.2892401372212693,0.1646736680309261,0.1899585377598587,0.1243774156655474
984.0,0.3174545454545455,0.1709993019761454,0.19007648473285713,0.13042340459990878
985.0,0.32150428816466553,0.17091594143622382,0.18381357023429298,0.1312733518399212
986.0,0.36634476843910807,0.17408373645893346,0.1851945505572777,0.1324832360640177
987.0,0.2883722126929674,0.16952864115493038,0.18623724020924254,0.12583016457845358
988.0,0.2937015437392796,0.16480386155719468,0.18554977747075282,0.12545014972026336
989.0,0.33674785591766726,0.17510813370295056,0.18501088748774178,0.13451007843484025
990.0,0.31219039451114916,0.16801494015230622,0.1872277346289689,0.1294283727010893
991.0,0.37871355060034306,0.1782505980360062,0.18461447365425449,0.13917014116788856
992.0,0.28534133790737565,0.1677423946579944,0.18835998523048667,0.12431720866749514
993.0,0.28669639794168095,0.16493978951899402,0.1908674952774436,0.12390081345883243
994.0,0.29227615780445965,0.16770386276710503,0.18970955662794764,0.12586039338522342
995.0,0.2823550600343053,0.1708905362052156,0.18356674129508893,0.1251255051744236
996.0,0.28037735849056605,0.16569339183981457,0.18117022628463014,0.12251815138635047
997.0,0.3032469982847341,0.17080411751316052,0.1867340982598078,0.12824416137209463
998.0,0.3739090909090909,0.17936741830864747,0.1866793980850032,0.13911585748460165
999.0,0.3354562607204116,0.17415052766686365,0.1854250224766119,0.1335846805571408
